13:14:19 | INFO    | Loading dataset from neonatal_sepsis_late_fusion_data_v1.npz
13:14:19 | INFO    | Dataset summary: {
  "channel_names": [
    "heart_rate",
    "temperature",
    "respiratory_rate",
    "fio2",
    "sa02",
    "heart_rate_observed_mask",
    "temperature_observed_mask",
    "respiratory_rate_observed_mask",
    "fio2_observed_mask",
    "sa02_observed_mask",
    "source_temp_c",
    "source_temp_axillary_f",
    "source_temp_rectal_f",
    "source_fio2",
    "source_fio2_imputed",
    "source_heart_rate",
    "source_respiratory_rate",
    "source_sa02"
  ],
  "label_names": [
    "control",
    "sepsis"
  ],
  "splits": {
    "train": 2205,
    "val": 276,
    "test": 276
  },
  "label_balance": {
    "train": [
      846,
      1359
    ],
    "val": [
      106,
      170
    ],
    "test": [
      106,
      170
    ]
  },
  "horizon_max": 24,
  "n_channels": 18,
  "has_static_features": true,
  "n_static_features": 9
}
13:14:19 | INFO    | ==============================================================================
13:14:19 | INFO    | Plan: 72 training runs = 4 horizon(s) x 3 channel set(s) x 1 static mode(s) x 6 model(s)
13:14:19 | INFO    |       288 result rows = training runs x 4 threshold mode(s)
13:14:19 | INFO    | Horizons        : [6, 12, 18, 24]
13:14:19 | INFO    | Channel sets    : ['values', 'values_masks', 'full']
13:14:19 | INFO    | Static modes    : ['static']
13:14:19 | INFO    | Threshold modes : ['max_f1', 'max_balanced_accuracy', 'sensitivity_at_specificity', 'specificity_at_sensitivity']
13:14:19 | INFO    | Models          : ['Dummy_StratifiedFloor', 'LogReg_L2_balanced', 'RandomForest_balanced', 'ExtraTrees_balanced', 'HistGradBoost', 'MLP_tabular']
13:14:19 | INFO    | ==============================================================================
13:14:19 | INFO    | [1/72] horizon=6h | channels=values | static=static | model=Dummy_StratifiedFloor | elapsed=00:00 | eta=??:??
13:14:19 | INFO    |   features: mode=static train=(2205, 79) val=(276, 79) test=(276, 79) | dynamic_dim=70 static_dim=9 total_dim=79 | feat_time=0.01s
13:14:19 | WARNING | select_threshold: no threshold satisfies specificity>=0.70 (mode=sensitivity_at_specificity); falling back to max_balanced_accuracy
13:14:19 | INFO    |   timings  | feat=0.01s fit=0.01s predict=0.00s total=0.02s
13:14:19 | INFO    |   [max_f1] test | AUROC=0.4781 AUPRC=0.6059 F1=0.7623 sens=1.0000 spec=0.0000 bal_acc=0.5000 thr=0.000
13:14:19 | INFO    |   [max_f1] val  | AUROC=0.4704 AUPRC=0.6025 F1=0.7623 sens=1.0000 spec=0.0000
13:14:19 | INFO    |   [max_balanced_accuracy] test | AUROC=0.4781 AUPRC=0.6059 F1=0.7623 sens=1.0000 spec=0.0000 bal_acc=0.5000 thr=0.000
13:14:19 | INFO    |   [max_balanced_accuracy] val  | AUROC=0.4704 AUPRC=0.6025 F1=0.7623 sens=1.0000 spec=0.0000
13:14:19 | INFO    |   [sensitivity_at_specificity] test | AUROC=0.4781 AUPRC=0.6059 F1=0.7623 sens=1.0000 spec=0.0000 bal_acc=0.5000 thr=0.000 [FALLBACK]
13:14:19 | INFO    |   [sensitivity_at_specificity] val  | AUROC=0.4704 AUPRC=0.6025 F1=0.7623 sens=1.0000 spec=0.0000
13:14:19 | INFO    |   [specificity_at_sensitivity] test | AUROC=0.4781 AUPRC=0.6059 F1=0.7623 sens=1.0000 spec=0.0000 bal_acc=0.5000 thr=0.000
13:14:19 | INFO    |   [specificity_at_sensitivity] val  | AUROC=0.4704 AUPRC=0.6025 F1=0.7623 sens=1.0000 spec=0.0000
13:14:19 | INFO    |   progress | done=1/72 | elapsed=00:00 | avg/exp=0.1s | eta=00:09
13:14:19 | INFO    | [2/72] horizon=6h | channels=values | static=static | model=LogReg_L2_balanced | elapsed=00:00 | eta=00:09
13:14:19 | INFO    |   features: mode=static train=(2205, 79) val=(276, 79) test=(276, 79) | dynamic_dim=70 static_dim=9 total_dim=79 | feat_time=0.00s
13:14:19 | INFO    |   timings  | feat=0.00s fit=0.03s predict=0.00s total=0.04s
13:14:19 | INFO    |   [max_f1] test | AUROC=0.7021 AUPRC=0.7976 F1=0.7682 sens=0.9941 spec=0.0472 bal_acc=0.5206 thr=0.139
13:14:19 | INFO    |   [max_f1] val  | AUROC=0.7039 AUPRC=0.7665 F1=0.7692 sens=1.0000 spec=0.0377
13:14:19 | INFO    |   [max_balanced_accuracy] test | AUROC=0.7021 AUPRC=0.7976 F1=0.6818 sens=0.6176 spec=0.6887 bal_acc=0.6532 thr=0.522
13:14:19 | INFO    |   [max_balanced_accuracy] val  | AUROC=0.7039 AUPRC=0.7665 F1=0.6959 sens=0.6059 spec=0.7830
13:14:19 | INFO    |   [sensitivity_at_specificity] test | AUROC=0.7021 AUPRC=0.7976 F1=0.6890 sens=0.6647 spec=0.5755 bal_acc=0.6201 thr=0.481
13:14:19 | INFO    |   [sensitivity_at_specificity] val  | AUROC=0.7039 AUPRC=0.7665 F1=0.7238 sens=0.6706 spec=0.7075
13:14:19 | INFO    |   [specificity_at_sensitivity] test | AUROC=0.7021 AUPRC=0.7976 F1=0.7640 sens=0.9235 spec=0.2075 bal_acc=0.5655 thr=0.289
13:14:19 | INFO    |   [specificity_at_sensitivity] val  | AUROC=0.7039 AUPRC=0.7665 F1=0.7612 sens=0.9000 spec=0.2547
13:14:19 | INFO    |   progress | done=2/72 | elapsed=00:00 | avg/exp=0.2s | eta=00:10
13:14:19 | INFO    | [3/72] horizon=6h | channels=values | static=static | model=RandomForest_balanced | elapsed=00:00 | eta=00:10
13:14:19 | INFO    |   features: mode=static train=(2205, 79) val=(276, 79) test=(276, 79) | dynamic_dim=70 static_dim=9 total_dim=79 | feat_time=0.00s
13:14:21 | INFO    |   timings  | feat=0.00s fit=1.28s predict=0.15s total=1.44s
13:14:21 | INFO    |   [max_f1] test | AUROC=0.7443 AUPRC=0.8353 F1=0.7473 sens=0.8176 spec=0.4057 bal_acc=0.6117 thr=0.485
13:14:21 | INFO    |   [max_f1] val  | AUROC=0.7530 AUPRC=0.8428 F1=0.7884 sens=0.8765 spec=0.4434
13:14:21 | INFO    |   [max_balanced_accuracy] test | AUROC=0.7443 AUPRC=0.8353 F1=0.7348 sens=0.6765 spec=0.7358 bal_acc=0.7062 thr=0.615
13:14:21 | INFO    |   [max_balanced_accuracy] val  | AUROC=0.7530 AUPRC=0.8428 F1=0.7385 sens=0.7059 spec=0.6698
13:14:21 | INFO    |   [sensitivity_at_specificity] test | AUROC=0.7443 AUPRC=0.8353 F1=0.6826 sens=0.5882 spec=0.7830 bal_acc=0.6856 thr=0.650
13:14:21 | INFO    |   [sensitivity_at_specificity] val  | AUROC=0.7530 AUPRC=0.8428 F1=0.7078 sens=0.6412 spec=0.7264
13:14:21 | INFO    |   [specificity_at_sensitivity] test | AUROC=0.7443 AUPRC=0.8353 F1=0.7632 sens=0.8529 spec=0.3868 bal_acc=0.6199 thr=0.465
13:14:21 | INFO    |   [specificity_at_sensitivity] val  | AUROC=0.7530 AUPRC=0.8428 F1=0.7846 sens=0.9000 spec=0.3679
13:14:21 | INFO    |   progress | done=3/72 | elapsed=00:01 | avg/exp=0.6s | eta=00:42
13:14:21 | INFO    | [4/72] horizon=6h | channels=values | static=static | model=ExtraTrees_balanced | elapsed=00:01 | eta=00:42
13:14:21 | INFO    |   features: mode=static train=(2205, 79) val=(276, 79) test=(276, 79) | dynamic_dim=70 static_dim=9 total_dim=79 | feat_time=0.01s
13:14:22 | INFO    |   timings  | feat=0.01s fit=0.69s predict=0.14s total=0.83s
13:14:22 | INFO    |   [max_f1] test | AUROC=0.7419 AUPRC=0.8321 F1=0.7731 sens=0.9118 spec=0.2830 bal_acc=0.5974 thr=0.430
13:14:22 | INFO    |   [max_f1] val  | AUROC=0.7623 AUPRC=0.8496 F1=0.7822 sens=0.9294 spec=0.2830
13:14:22 | INFO    |   [max_balanced_accuracy] test | AUROC=0.7419 AUPRC=0.8321 F1=0.6689 sens=0.5765 spec=0.7642 bal_acc=0.6703 thr=0.647
13:14:22 | INFO    |   [max_balanced_accuracy] val  | AUROC=0.7623 AUPRC=0.8496 F1=0.7138 sens=0.6235 spec=0.8019
13:14:22 | INFO    |   [sensitivity_at_specificity] test | AUROC=0.7419 AUPRC=0.8321 F1=0.7197 sens=0.6647 spec=0.7075 bal_acc=0.6861 thr=0.610
13:14:22 | INFO    |   [sensitivity_at_specificity] val  | AUROC=0.7623 AUPRC=0.8496 F1=0.7382 sens=0.6882 spec=0.7170
13:14:22 | INFO    |   [specificity_at_sensitivity] test | AUROC=0.7419 AUPRC=0.8321 F1=0.7708 sens=0.9000 spec=0.3019 bal_acc=0.6009 thr=0.445
13:14:22 | INFO    |   [specificity_at_sensitivity] val  | AUROC=0.7623 AUPRC=0.8496 F1=0.7708 sens=0.9000 spec=0.3019
13:14:22 | INFO    |   progress | done=4/72 | elapsed=00:02 | avg/exp=0.7s | eta=00:47
13:14:22 | INFO    | [5/72] horizon=6h | channels=values | static=static | model=HistGradBoost | elapsed=00:02 | eta=00:47
13:14:22 | INFO    |   features: mode=static train=(2205, 79) val=(276, 79) test=(276, 79) | dynamic_dim=70 static_dim=9 total_dim=79 | feat_time=0.01s
13:14:22 | INFO    |   timings  | feat=0.01s fit=0.26s predict=0.00s total=0.26s
13:14:22 | INFO    |   [max_f1] test | AUROC=0.7634 AUPRC=0.8513 F1=0.7740 sens=0.8059 spec=0.5566 bal_acc=0.6812 thr=0.426
13:14:22 | INFO    |   [max_f1] val  | AUROC=0.7614 AUPRC=0.8324 F1=0.8033 sens=0.8529 spec=0.5660
13:14:22 | INFO    |   [max_balanced_accuracy] test | AUROC=0.7634 AUPRC=0.8513 F1=0.7179 sens=0.6588 spec=0.7170 bal_acc=0.6879 thr=0.526
13:14:22 | INFO    |   [max_balanced_accuracy] val  | AUROC=0.7614 AUPRC=0.8324 F1=0.7445 sens=0.6941 spec=0.7264
13:14:22 | INFO    |   [sensitivity_at_specificity] test | AUROC=0.7634 AUPRC=0.8513 F1=0.7179 sens=0.6588 spec=0.7170 bal_acc=0.6879 thr=0.526
13:14:22 | INFO    |   [sensitivity_at_specificity] val  | AUROC=0.7614 AUPRC=0.8324 F1=0.7445 sens=0.6941 spec=0.7264
13:14:22 | INFO    |   [specificity_at_sensitivity] test | AUROC=0.7634 AUPRC=0.8513 F1=0.7764 sens=0.9294 spec=0.2547 bal_acc=0.5921 thr=0.274
13:14:22 | INFO    |   [specificity_at_sensitivity] val  | AUROC=0.7614 AUPRC=0.8324 F1=0.7739 sens=0.9059 spec=0.3019
13:14:22 | INFO    |   progress | done=5/72 | elapsed=00:03 | avg/exp=0.6s | eta=00:42
13:14:22 | INFO    | [6/72] horizon=6h | channels=values | static=static | model=MLP_tabular | elapsed=00:03 | eta=00:42
13:14:22 | INFO    |   features: mode=static train=(2205, 79) val=(276, 79) test=(276, 79) | dynamic_dim=70 static_dim=9 total_dim=79 | feat_time=0.01s
13:14:23 | INFO    |   timings  | feat=0.01s fit=0.41s predict=0.00s total=0.42s
13:14:23 | INFO    |   [max_f1] test | AUROC=0.7244 AUPRC=0.8051 F1=0.7595 sens=0.8824 spec=0.2925 bal_acc=0.5874 thr=0.400
13:14:23 | INFO    |   [max_f1] val  | AUROC=0.7300 AUPRC=0.8019 F1=0.7970 sens=0.9235 spec=0.3679
13:14:23 | INFO    |   [max_balanced_accuracy] test | AUROC=0.7244 AUPRC=0.8051 F1=0.6782 sens=0.5765 spec=0.8019 bal_acc=0.6892 thr=0.622
13:14:23 | INFO    |   [max_balanced_accuracy] val  | AUROC=0.7300 AUPRC=0.8019 F1=0.6713 sens=0.5647 spec=0.8113
13:14:23 | INFO    |   [sensitivity_at_specificity] test | AUROC=0.7244 AUPRC=0.8051 F1=0.7074 sens=0.6471 spec=0.7075 bal_acc=0.6773 thr=0.578
13:14:23 | INFO    |   [sensitivity_at_specificity] val  | AUROC=0.7300 AUPRC=0.8019 F1=0.7013 sens=0.6353 spec=0.7170
13:14:23 | INFO    |   [specificity_at_sensitivity] test | AUROC=0.7244 AUPRC=0.8051 F1=0.7602 sens=0.8765 spec=0.3113 bal_acc=0.5939 thr=0.408
13:14:23 | INFO    |   [specificity_at_sensitivity] val  | AUROC=0.7300 AUPRC=0.8019 F1=0.7928 sens=0.9118 spec=0.3774
13:14:23 | INFO    |   progress | done=6/72 | elapsed=00:03 | avg/exp=0.6s | eta=00:41
13:14:23 | INFO    | [7/72] horizon=6h | channels=values_masks | static=static | model=Dummy_StratifiedFloor | elapsed=00:03 | eta=00:41
13:14:23 | INFO    |   features: mode=static train=(2205, 149) val=(276, 149) test=(276, 149) | dynamic_dim=140 static_dim=9 total_dim=149 | feat_time=0.01s
13:14:23 | WARNING | select_threshold: no threshold satisfies specificity>=0.70 (mode=sensitivity_at_specificity); falling back to max_balanced_accuracy
13:14:23 | INFO    |   timings  | feat=0.01s fit=0.00s predict=0.00s total=0.01s
13:14:23 | INFO    |   [max_f1] test | AUROC=0.4781 AUPRC=0.6059 F1=0.7623 sens=1.0000 spec=0.0000 bal_acc=0.5000 thr=0.000
13:14:23 | INFO    |   [max_f1] val  | AUROC=0.4704 AUPRC=0.6025 F1=0.7623 sens=1.0000 spec=0.0000
13:14:23 | INFO    |   [max_balanced_accuracy] test | AUROC=0.4781 AUPRC=0.6059 F1=0.7623 sens=1.0000 spec=0.0000 bal_acc=0.5000 thr=0.000
13:14:23 | INFO    |   [max_balanced_accuracy] val  | AUROC=0.4704 AUPRC=0.6025 F1=0.7623 sens=1.0000 spec=0.0000
13:14:23 | INFO    |   [sensitivity_at_specificity] test | AUROC=0.4781 AUPRC=0.6059 F1=0.7623 sens=1.0000 spec=0.0000 bal_acc=0.5000 thr=0.000 [FALLBACK]
13:14:23 | INFO    |   [sensitivity_at_specificity] val  | AUROC=0.4704 AUPRC=0.6025 F1=0.7623 sens=1.0000 spec=0.0000
13:14:23 | INFO    |   [specificity_at_sensitivity] test | AUROC=0.4781 AUPRC=0.6059 F1=0.7623 sens=1.0000 spec=0.0000 bal_acc=0.5000 thr=0.000
13:14:23 | INFO    |   [specificity_at_sensitivity] val  | AUROC=0.4704 AUPRC=0.6025 F1=0.7623 sens=1.0000 spec=0.0000
13:14:23 | INFO    |   progress | done=7/72 | elapsed=00:03 | avg/exp=0.5s | eta=00:35
13:14:23 | INFO    | [8/72] horizon=6h | channels=values_masks | static=static | model=LogReg_L2_balanced | elapsed=00:03 | eta=00:35
13:14:23 | INFO    |   features: mode=static train=(2205, 149) val=(276, 149) test=(276, 149) | dynamic_dim=140 static_dim=9 total_dim=149 | feat_time=0.01s
13:14:23 | INFO    |   timings  | feat=0.01s fit=0.03s predict=0.00s total=0.04s
13:14:23 | INFO    |   [max_f1] test | AUROC=0.7134 AUPRC=0.7922 F1=0.7689 sens=0.9294 spec=0.2170 bal_acc=0.5732 thr=0.240
13:14:23 | INFO    |   [max_f1] val  | AUROC=0.7075 AUPRC=0.7672 F1=0.7866 sens=0.9647 spec=0.2170
13:14:23 | INFO    |   [max_balanced_accuracy] test | AUROC=0.7134 AUPRC=0.7922 F1=0.6997 sens=0.6647 spec=0.6226 bal_acc=0.6437 thr=0.493
13:14:23 | INFO    |   [max_balanced_accuracy] val  | AUROC=0.7075 AUPRC=0.7672 F1=0.7143 sens=0.6471 spec=0.7358
13:14:23 | INFO    |   [sensitivity_at_specificity] test | AUROC=0.7134 AUPRC=0.7922 F1=0.6972 sens=0.6706 spec=0.5943 bal_acc=0.6325 thr=0.485
13:14:23 | INFO    |   [sensitivity_at_specificity] val  | AUROC=0.7075 AUPRC=0.7672 F1=0.7115 sens=0.6529 spec=0.7075
13:14:23 | INFO    |   [specificity_at_sensitivity] test | AUROC=0.7134 AUPRC=0.7922 F1=0.7800 sens=0.9176 spec=0.3019 bal_acc=0.6098 thr=0.296
13:14:23 | INFO    |   [specificity_at_sensitivity] val  | AUROC=0.7075 AUPRC=0.7672 F1=0.7747 sens=0.9000 spec=0.3208
13:14:23 | INFO    |   progress | done=8/72 | elapsed=00:03 | avg/exp=0.5s | eta=00:31
13:14:23 | INFO    | [9/72] horizon=6h | channels=values_masks | static=static | model=RandomForest_balanced | elapsed=00:03 | eta=00:31
13:14:23 | INFO    |   features: mode=static train=(2205, 149) val=(276, 149) test=(276, 149) | dynamic_dim=140 static_dim=9 total_dim=149 | feat_time=0.01s
13:14:25 | INFO    |   timings  | feat=0.01s fit=1.22s predict=0.14s total=1.36s
13:14:25 | INFO    |   [max_f1] test | AUROC=0.7505 AUPRC=0.8391 F1=0.7639 sens=0.8471 spec=0.4057 bal_acc=0.6264 thr=0.480
13:14:25 | INFO    |   [max_f1] val  | AUROC=0.7444 AUPRC=0.8336 F1=0.7781 sens=0.8765 spec=0.3962
13:14:25 | INFO    |   [max_balanced_accuracy] test | AUROC=0.7505 AUPRC=0.8391 F1=0.6596 sens=0.5471 spec=0.8208 bal_acc=0.6839 thr=0.665
13:14:25 | INFO    |   [max_balanced_accuracy] val  | AUROC=0.7444 AUPRC=0.8336 F1=0.6804 sens=0.5824 spec=0.7925
13:14:25 | INFO    |   [sensitivity_at_specificity] test | AUROC=0.7505 AUPRC=0.8391 F1=0.6873 sens=0.5882 spec=0.8019 bal_acc=0.6951 thr=0.652
13:14:25 | INFO    |   [sensitivity_at_specificity] val  | AUROC=0.7444 AUPRC=0.8336 F1=0.6990 sens=0.6353 spec=0.7075
13:14:25 | INFO    |   [specificity_at_sensitivity] test | AUROC=0.7505 AUPRC=0.8391 F1=0.7720 sens=0.8765 spec=0.3679 bal_acc=0.6222 thr=0.448
13:14:25 | INFO    |   [specificity_at_sensitivity] val  | AUROC=0.7444 AUPRC=0.8336 F1=0.7747 sens=0.9000 spec=0.3208
13:14:25 | INFO    |   progress | done=9/72 | elapsed=00:05 | avg/exp=0.6s | eta=00:38
13:14:25 | INFO    | [10/72] horizon=6h | channels=values_masks | static=static | model=ExtraTrees_balanced | elapsed=00:05 | eta=00:38
13:14:25 | INFO    |   features: mode=static train=(2205, 149) val=(276, 149) test=(276, 149) | dynamic_dim=140 static_dim=9 total_dim=149 | feat_time=0.01s
13:14:26 | INFO    |   timings  | feat=0.01s fit=0.68s predict=0.15s total=0.83s
13:14:26 | INFO    |   [max_f1] test | AUROC=0.7505 AUPRC=0.8412 F1=0.7759 sens=0.9471 spec=0.2075 bal_acc=0.5773 thr=0.367
13:14:26 | INFO    |   [max_f1] val  | AUROC=0.7319 AUPRC=0.8271 F1=0.7783 sens=0.9706 spec=0.1604
13:14:26 | INFO    |   [max_balanced_accuracy] test | AUROC=0.7505 AUPRC=0.8412 F1=0.7262 sens=0.6941 spec=0.6509 bal_acc=0.6725 thr=0.593
13:14:26 | INFO    |   [max_balanced_accuracy] val  | AUROC=0.7319 AUPRC=0.8271 F1=0.7552 sens=0.7529 spec=0.6132
13:14:26 | INFO    |   [sensitivity_at_specificity] test | AUROC=0.7505 AUPRC=0.8412 F1=0.6759 sens=0.5765 spec=0.7925 bal_acc=0.6845 thr=0.645
13:14:26 | INFO    |   [sensitivity_at_specificity] val  | AUROC=0.7319 AUPRC=0.8271 F1=0.6820 sens=0.6118 spec=0.7075
13:14:26 | INFO    |   [specificity_at_sensitivity] test | AUROC=0.7505 AUPRC=0.8412 F1=0.7739 sens=0.9059 spec=0.3019 bal_acc=0.6039 thr=0.417
13:14:26 | INFO    |   [specificity_at_sensitivity] val  | AUROC=0.7319 AUPRC=0.8271 F1=0.7605 sens=0.9059 spec=0.2358
13:14:26 | INFO    |   progress | done=10/72 | elapsed=00:06 | avg/exp=0.6s | eta=00:39
13:14:26 | INFO    | [11/72] horizon=6h | channels=values_masks | static=static | model=HistGradBoost | elapsed=00:06 | eta=00:39
13:14:26 | INFO    |   features: mode=static train=(2205, 149) val=(276, 149) test=(276, 149) | dynamic_dim=140 static_dim=9 total_dim=149 | feat_time=0.01s
13:14:26 | INFO    |   timings  | feat=0.01s fit=0.24s predict=0.00s total=0.25s
13:14:26 | INFO    |   [max_f1] test | AUROC=0.7618 AUPRC=0.8447 F1=0.7671 sens=0.8235 spec=0.4811 bal_acc=0.6523 thr=0.396
13:14:26 | INFO    |   [max_f1] val  | AUROC=0.7622 AUPRC=0.8406 F1=0.7935 sens=0.8588 spec=0.5094
13:14:26 | INFO    |   [max_balanced_accuracy] test | AUROC=0.7618 AUPRC=0.8447 F1=0.7394 sens=0.7176 spec=0.6415 bal_acc=0.6796 thr=0.472
13:14:26 | INFO    |   [max_balanced_accuracy] val  | AUROC=0.7622 AUPRC=0.8406 F1=0.7808 sens=0.7647 spec=0.6887
13:14:26 | INFO    |   [sensitivity_at_specificity] test | AUROC=0.7618 AUPRC=0.8447 F1=0.7078 sens=0.6412 spec=0.7264 bal_acc=0.6838 thr=0.520
13:14:26 | INFO    |   [sensitivity_at_specificity] val  | AUROC=0.7622 AUPRC=0.8406 F1=0.7438 sens=0.7000 spec=0.7075
13:14:26 | INFO    |   [specificity_at_sensitivity] test | AUROC=0.7618 AUPRC=0.8447 F1=0.7879 sens=0.9176 spec=0.3396 bal_acc=0.6286 thr=0.284
13:14:26 | INFO    |   [specificity_at_sensitivity] val  | AUROC=0.7622 AUPRC=0.8406 F1=0.7700 sens=0.9059 spec=0.2830
13:14:26 | INFO    |   progress | done=11/72 | elapsed=00:06 | avg/exp=0.6s | eta=00:37
13:14:26 | INFO    | [12/72] horizon=6h | channels=values_masks | static=static | model=MLP_tabular | elapsed=00:06 | eta=00:37
13:14:26 | INFO    |   features: mode=static train=(2205, 149) val=(276, 149) test=(276, 149) | dynamic_dim=140 static_dim=9 total_dim=149 | feat_time=0.01s
13:14:26 | INFO    |   timings  | feat=0.01s fit=0.38s predict=0.00s total=0.39s
13:14:26 | INFO    |   [max_f1] test | AUROC=0.7111 AUPRC=0.8044 F1=0.7743 sens=0.9588 spec=0.1698 bal_acc=0.5643 thr=0.307
13:14:26 | INFO    |   [max_f1] val  | AUROC=0.7048 AUPRC=0.7586 F1=0.7770 sens=0.9941 spec=0.0943
13:14:26 | INFO    |   [max_balanced_accuracy] test | AUROC=0.7111 AUPRC=0.8044 F1=0.7009 sens=0.6824 spec=0.5755 bal_acc=0.6289 thr=0.599
13:14:26 | INFO    |   [max_balanced_accuracy] val  | AUROC=0.7048 AUPRC=0.7586 F1=0.7423 sens=0.7118 spec=0.6698
13:14:26 | INFO    |   [sensitivity_at_specificity] test | AUROC=0.7111 AUPRC=0.8044 F1=0.6981 sens=0.6529 spec=0.6509 bal_acc=0.6519 thr=0.635
13:14:26 | INFO    |   [sensitivity_at_specificity] val  | AUROC=0.7048 AUPRC=0.7586 F1=0.7032 sens=0.6412 spec=0.7075
13:14:26 | INFO    |   [specificity_at_sensitivity] test | AUROC=0.7111 AUPRC=0.8044 F1=0.7820 sens=0.9176 spec=0.3113 bal_acc=0.6145 thr=0.420
13:14:26 | INFO    |   [specificity_at_sensitivity] val  | AUROC=0.7048 AUPRC=0.7586 F1=0.7681 sens=0.9059 spec=0.2736
13:14:26 | INFO    |   progress | done=12/72 | elapsed=00:07 | avg/exp=0.6s | eta=00:36
13:14:26 | INFO    | [13/72] horizon=6h | channels=full | static=static | model=Dummy_StratifiedFloor | elapsed=00:07 | eta=00:36
13:14:26 | INFO    |   features: mode=static train=(2205, 261) val=(276, 261) test=(276, 261) | dynamic_dim=252 static_dim=9 total_dim=261 | feat_time=0.01s
13:14:26 | WARNING | select_threshold: no threshold satisfies specificity>=0.70 (mode=sensitivity_at_specificity); falling back to max_balanced_accuracy
13:14:27 | INFO    |   timings  | feat=0.01s fit=0.00s predict=0.00s total=0.01s
13:14:27 | INFO    |   [max_f1] test | AUROC=0.4781 AUPRC=0.6059 F1=0.7623 sens=1.0000 spec=0.0000 bal_acc=0.5000 thr=0.000
13:14:27 | INFO    |   [max_f1] val  | AUROC=0.4704 AUPRC=0.6025 F1=0.7623 sens=1.0000 spec=0.0000
13:14:27 | INFO    |   [max_balanced_accuracy] test | AUROC=0.4781 AUPRC=0.6059 F1=0.7623 sens=1.0000 spec=0.0000 bal_acc=0.5000 thr=0.000
13:14:27 | INFO    |   [max_balanced_accuracy] val  | AUROC=0.4704 AUPRC=0.6025 F1=0.7623 sens=1.0000 spec=0.0000
13:14:27 | INFO    |   [sensitivity_at_specificity] test | AUROC=0.4781 AUPRC=0.6059 F1=0.7623 sens=1.0000 spec=0.0000 bal_acc=0.5000 thr=0.000 [FALLBACK]
13:14:27 | INFO    |   [sensitivity_at_specificity] val  | AUROC=0.4704 AUPRC=0.6025 F1=0.7623 sens=1.0000 spec=0.0000
13:14:27 | INFO    |   [specificity_at_sensitivity] test | AUROC=0.4781 AUPRC=0.6059 F1=0.7623 sens=1.0000 spec=0.0000 bal_acc=0.5000 thr=0.000
13:14:27 | INFO    |   [specificity_at_sensitivity] val  | AUROC=0.4704 AUPRC=0.6025 F1=0.7623 sens=1.0000 spec=0.0000
13:14:27 | INFO    |   progress | done=13/72 | elapsed=00:07 | avg/exp=0.6s | eta=00:33
13:14:27 | INFO    | [14/72] horizon=6h | channels=full | static=static | model=LogReg_L2_balanced | elapsed=00:07 | eta=00:33
13:14:27 | INFO    |   features: mode=static train=(2205, 261) val=(276, 261) test=(276, 261) | dynamic_dim=252 static_dim=9 total_dim=261 | feat_time=0.01s
13:14:27 | INFO    |   timings  | feat=0.01s fit=0.06s predict=0.00s total=0.06s
13:14:27 | INFO    |   [max_f1] test | AUROC=0.7517 AUPRC=0.8232 F1=0.7815 sens=0.8941 spec=0.3679 bal_acc=0.6310 thr=0.261
13:14:27 | INFO    |   [max_f1] val  | AUROC=0.7335 AUPRC=0.7906 F1=0.7959 sens=0.9176 spec=0.3774
13:14:27 | INFO    |   [max_balanced_accuracy] test | AUROC=0.7517 AUPRC=0.8232 F1=0.7173 sens=0.6941 spec=0.6132 bal_acc=0.6537 thr=0.471
13:14:27 | INFO    |   [max_balanced_accuracy] val  | AUROC=0.7335 AUPRC=0.7906 F1=0.7416 sens=0.7176 spec=0.6509
13:14:27 | INFO    |   [sensitivity_at_specificity] test | AUROC=0.7517 AUPRC=0.8232 F1=0.7138 sens=0.6529 spec=0.7170 bal_acc=0.6850 thr=0.553
13:14:27 | INFO    |   [sensitivity_at_specificity] val  | AUROC=0.7335 AUPRC=0.7906 F1=0.6948 sens=0.6294 spec=0.7075
13:14:27 | INFO    |   [specificity_at_sensitivity] test | AUROC=0.7517 AUPRC=0.8232 F1=0.7815 sens=0.8941 spec=0.3679 bal_acc=0.6310 thr=0.261
13:14:27 | INFO    |   [specificity_at_sensitivity] val  | AUROC=0.7335 AUPRC=0.7906 F1=0.7959 sens=0.9176 spec=0.3774
13:14:27 | INFO    |   progress | done=14/72 | elapsed=00:07 | avg/exp=0.5s | eta=00:31
13:14:27 | INFO    | [15/72] horizon=6h | channels=full | static=static | model=RandomForest_balanced | elapsed=00:07 | eta=00:31
13:14:27 | INFO    |   features: mode=static train=(2205, 261) val=(276, 261) test=(276, 261) | dynamic_dim=252 static_dim=9 total_dim=261 | feat_time=0.01s
13:14:28 | INFO    |   timings  | feat=0.01s fit=1.11s predict=0.13s total=1.25s
13:14:28 | INFO    |   [max_f1] test | AUROC=0.7422 AUPRC=0.8203 F1=0.7781 sens=0.9176 spec=0.2925 bal_acc=0.6050 thr=0.362
13:14:28 | INFO    |   [max_f1] val  | AUROC=0.7580 AUPRC=0.8370 F1=0.7893 sens=0.9588 spec=0.2453
13:14:28 | INFO    |   [max_balanced_accuracy] test | AUROC=0.7422 AUPRC=0.8203 F1=0.7184 sens=0.6529 spec=0.7358 bal_acc=0.6944 thr=0.642
13:14:28 | INFO    |   [max_balanced_accuracy] val  | AUROC=0.7580 AUPRC=0.8370 F1=0.7414 sens=0.7000 spec=0.6981
13:14:28 | INFO    |   [sensitivity_at_specificity] test | AUROC=0.7422 AUPRC=0.8203 F1=0.6997 sens=0.6235 spec=0.7453 bal_acc=0.6844 thr=0.657
13:14:28 | INFO    |   [sensitivity_at_specificity] val  | AUROC=0.7580 AUPRC=0.8370 F1=0.7261 sens=0.6706 spec=0.7170
13:14:28 | INFO    |   [specificity_at_sensitivity] test | AUROC=0.7422 AUPRC=0.8203 F1=0.7738 sens=0.8353 spec=0.4811 bal_acc=0.6582 thr=0.458
13:14:28 | INFO    |   [specificity_at_sensitivity] val  | AUROC=0.7580 AUPRC=0.8370 F1=0.7866 sens=0.9000 spec=0.3774
13:14:28 | INFO    |   progress | done=15/72 | elapsed=00:08 | avg/exp=0.6s | eta=00:33
13:14:28 | INFO    | [16/72] horizon=6h | channels=full | static=static | model=ExtraTrees_balanced | elapsed=00:08 | eta=00:33
13:14:28 | INFO    |   features: mode=static train=(2205, 261) val=(276, 261) test=(276, 261) | dynamic_dim=252 static_dim=9 total_dim=261 | feat_time=0.01s
13:14:29 | INFO    |   timings  | feat=0.01s fit=0.74s predict=0.11s total=0.86s
13:14:29 | INFO    |   [max_f1] test | AUROC=0.7376 AUPRC=0.8344 F1=0.7614 sens=0.8353 spec=0.4245 bal_acc=0.6299 thr=0.458
13:14:29 | INFO    |   [max_f1] val  | AUROC=0.7523 AUPRC=0.8279 F1=0.7908 sens=0.9118 spec=0.3679
13:14:29 | INFO    |   [max_balanced_accuracy] test | AUROC=0.7376 AUPRC=0.8344 F1=0.6434 sens=0.5412 spec=0.7736 bal_acc=0.6574 thr=0.700
13:14:29 | INFO    |   [max_balanced_accuracy] val  | AUROC=0.7523 AUPRC=0.8279 F1=0.7128 sens=0.6059 spec=0.8491
13:14:29 | INFO    |   [sensitivity_at_specificity] test | AUROC=0.7376 AUPRC=0.8344 F1=0.6962 sens=0.6471 spec=0.6604 bal_acc=0.6537 thr=0.647
13:14:29 | INFO    |   [sensitivity_at_specificity] val  | AUROC=0.7523 AUPRC=0.8279 F1=0.7365 sens=0.6824 spec=0.7264
13:14:29 | INFO    |   [specificity_at_sensitivity] test | AUROC=0.7376 AUPRC=0.8344 F1=0.7614 sens=0.8353 spec=0.4245 bal_acc=0.6299 thr=0.458
13:14:29 | INFO    |   [specificity_at_sensitivity] val  | AUROC=0.7523 AUPRC=0.8279 F1=0.7908 sens=0.9118 spec=0.3679
13:14:29 | INFO    |   progress | done=16/72 | elapsed=00:09 | avg/exp=0.6s | eta=00:34
13:14:29 | INFO    | [17/72] horizon=6h | channels=full | static=static | model=HistGradBoost | elapsed=00:09 | eta=00:34
13:14:29 | INFO    |   features: mode=static train=(2205, 261) val=(276, 261) test=(276, 261) | dynamic_dim=252 static_dim=9 total_dim=261 | feat_time=0.01s
13:14:30 | INFO    |   timings  | feat=0.01s fit=0.37s predict=0.00s total=0.38s
13:14:30 | INFO    |   [max_f1] test | AUROC=0.7714 AUPRC=0.8559 F1=0.7652 sens=0.7765 spec=0.5943 bal_acc=0.6854 thr=0.436
13:14:30 | INFO    |   [max_f1] val  | AUROC=0.7653 AUPRC=0.8190 F1=0.8110 sens=0.8706 spec=0.5566
13:14:30 | INFO    |   [max_balanced_accuracy] test | AUROC=0.7714 AUPRC=0.8559 F1=0.7416 sens=0.7176 spec=0.6509 bal_acc=0.6843 thr=0.466
13:14:30 | INFO    |   [max_balanced_accuracy] val  | AUROC=0.7653 AUPRC=0.8190 F1=0.7989 sens=0.8294 spec=0.6038
13:14:30 | INFO    |   [sensitivity_at_specificity] test | AUROC=0.7714 AUPRC=0.8559 F1=0.6735 sens=0.5765 spec=0.7830 bal_acc=0.6797 thr=0.575
13:14:30 | INFO    |   [sensitivity_at_specificity] val  | AUROC=0.7653 AUPRC=0.8190 F1=0.7157 sens=0.6588 spec=0.7075
13:14:30 | INFO    |   [specificity_at_sensitivity] test | AUROC=0.7714 AUPRC=0.8559 F1=0.7730 sens=0.8412 spec=0.4623 bal_acc=0.6517 thr=0.361
13:14:30 | INFO    |   [specificity_at_sensitivity] val  | AUROC=0.7653 AUPRC=0.8190 F1=0.7990 sens=0.9000 spec=0.4340
13:14:30 | INFO    |   progress | done=17/72 | elapsed=00:10 | avg/exp=0.6s | eta=00:33
13:14:30 | INFO    | [18/72] horizon=6h | channels=full | static=static | model=MLP_tabular | elapsed=00:10 | eta=00:33
13:14:30 | INFO    |   features: mode=static train=(2205, 261) val=(276, 261) test=(276, 261) | dynamic_dim=252 static_dim=9 total_dim=261 | feat_time=0.01s
13:14:30 | INFO    |   timings  | feat=0.01s fit=0.44s predict=0.00s total=0.45s
13:14:30 | INFO    |   [max_f1] test | AUROC=0.7565 AUPRC=0.8456 F1=0.7745 sens=0.9294 spec=0.2453 bal_acc=0.5873 thr=0.210
13:14:30 | INFO    |   [max_f1] val  | AUROC=0.7426 AUPRC=0.8182 F1=0.7952 sens=0.9706 spec=0.2453
13:14:30 | INFO    |   [max_balanced_accuracy] test | AUROC=0.7565 AUPRC=0.8456 F1=0.7329 sens=0.6941 spec=0.6792 bal_acc=0.6867 thr=0.498
13:14:30 | INFO    |   [max_balanced_accuracy] val  | AUROC=0.7426 AUPRC=0.8182 F1=0.7446 sens=0.7118 spec=0.6792
13:14:30 | INFO    |   [sensitivity_at_specificity] test | AUROC=0.7565 AUPRC=0.8456 F1=0.7379 sens=0.6706 spec=0.7642 bal_acc=0.7174 thr=0.566
13:14:30 | INFO    |   [sensitivity_at_specificity] val  | AUROC=0.7426 AUPRC=0.8182 F1=0.7097 sens=0.6471 spec=0.7170
13:14:30 | INFO    |   [specificity_at_sensitivity] test | AUROC=0.7565 AUPRC=0.8456 F1=0.7487 sens=0.8412 spec=0.3491 bal_acc=0.5951 thr=0.271
13:14:30 | INFO    |   [specificity_at_sensitivity] val  | AUROC=0.7426 AUPRC=0.8182 F1=0.7778 sens=0.9059 spec=0.3208
13:14:30 | INFO    |   progress | done=18/72 | elapsed=00:10 | avg/exp=0.6s | eta=00:32
13:14:30 | INFO    | [19/72] horizon=12h | channels=values | static=static | model=Dummy_StratifiedFloor | elapsed=00:10 | eta=00:32
13:14:30 | INFO    |   features: mode=static train=(2205, 109) val=(276, 109) test=(276, 109) | dynamic_dim=100 static_dim=9 total_dim=109 | feat_time=0.01s
13:14:30 | WARNING | select_threshold: no threshold satisfies specificity>=0.70 (mode=sensitivity_at_specificity); falling back to max_balanced_accuracy
13:14:30 | INFO    |   timings  | feat=0.01s fit=0.00s predict=0.00s total=0.01s
13:14:30 | INFO    |   [max_f1] test | AUROC=0.4781 AUPRC=0.6059 F1=0.7623 sens=1.0000 spec=0.0000 bal_acc=0.5000 thr=0.000
13:14:30 | INFO    |   [max_f1] val  | AUROC=0.4704 AUPRC=0.6025 F1=0.7623 sens=1.0000 spec=0.0000
13:14:30 | INFO    |   [max_balanced_accuracy] test | AUROC=0.4781 AUPRC=0.6059 F1=0.7623 sens=1.0000 spec=0.0000 bal_acc=0.5000 thr=0.000
13:14:30 | INFO    |   [max_balanced_accuracy] val  | AUROC=0.4704 AUPRC=0.6025 F1=0.7623 sens=1.0000 spec=0.0000
13:14:30 | INFO    |   [sensitivity_at_specificity] test | AUROC=0.4781 AUPRC=0.6059 F1=0.7623 sens=1.0000 spec=0.0000 bal_acc=0.5000 thr=0.000 [FALLBACK]
13:14:30 | INFO    |   [sensitivity_at_specificity] val  | AUROC=0.4704 AUPRC=0.6025 F1=0.7623 sens=1.0000 spec=0.0000
13:14:30 | INFO    |   [specificity_at_sensitivity] test | AUROC=0.4781 AUPRC=0.6059 F1=0.7623 sens=1.0000 spec=0.0000 bal_acc=0.5000 thr=0.000
13:14:30 | INFO    |   [specificity_at_sensitivity] val  | AUROC=0.4704 AUPRC=0.6025 F1=0.7623 sens=1.0000 spec=0.0000
13:14:30 | INFO    |   progress | done=19/72 | elapsed=00:11 | avg/exp=0.6s | eta=00:30
13:14:30 | INFO    | [20/72] horizon=12h | channels=values | static=static | model=LogReg_L2_balanced | elapsed=00:11 | eta=00:30
13:14:30 | INFO    |   features: mode=static train=(2205, 109) val=(276, 109) test=(276, 109) | dynamic_dim=100 static_dim=9 total_dim=109 | feat_time=0.01s
13:14:30 | INFO    |   timings  | feat=0.01s fit=0.02s predict=0.00s total=0.03s
13:14:30 | INFO    |   [max_f1] test | AUROC=0.7024 AUPRC=0.7971 F1=0.7640 sens=0.9235 spec=0.2075 bal_acc=0.5655 thr=0.257
13:14:30 | INFO    |   [max_f1] val  | AUROC=0.7421 AUPRC=0.7891 F1=0.7859 sens=0.9176 spec=0.3302
13:14:30 | INFO    |   [max_balanced_accuracy] test | AUROC=0.7024 AUPRC=0.7971 F1=0.7091 sens=0.6882 spec=0.5943 bal_acc=0.6413 thr=0.462
13:14:30 | INFO    |   [max_balanced_accuracy] val  | AUROC=0.7421 AUPRC=0.7891 F1=0.7429 sens=0.6882 spec=0.7358
13:14:30 | INFO    |   [sensitivity_at_specificity] test | AUROC=0.7024 AUPRC=0.7971 F1=0.7155 sens=0.7176 spec=0.5377 bal_acc=0.6277 thr=0.446
13:14:30 | INFO    |   [sensitivity_at_specificity] val  | AUROC=0.7421 AUPRC=0.7891 F1=0.7438 sens=0.7000 spec=0.7075
13:14:30 | INFO    |   [specificity_at_sensitivity] test | AUROC=0.7024 AUPRC=0.7971 F1=0.7624 sens=0.9059 spec=0.2453 bal_acc=0.5756 thr=0.276
13:14:30 | INFO    |   [specificity_at_sensitivity] val  | AUROC=0.7421 AUPRC=0.7891 F1=0.7806 sens=0.9000 spec=0.3491
13:14:30 | INFO    |   progress | done=20/72 | elapsed=00:11 | avg/exp=0.6s | eta=00:29
13:14:30 | INFO    | [21/72] horizon=12h | channels=values | static=static | model=RandomForest_balanced | elapsed=00:11 | eta=00:29
13:14:30 | INFO    |   features: mode=static train=(2205, 109) val=(276, 109) test=(276, 109) | dynamic_dim=100 static_dim=9 total_dim=109 | feat_time=0.01s
13:14:32 | INFO    |   timings  | feat=0.01s fit=1.42s predict=0.13s total=1.56s
13:14:32 | INFO    |   [max_f1] test | AUROC=0.7503 AUPRC=0.8420 F1=0.7617 sens=0.8647 spec=0.3491 bal_acc=0.6069 thr=0.465
13:14:32 | INFO    |   [max_f1] val  | AUROC=0.7748 AUPRC=0.8605 F1=0.7919 sens=0.9176 spec=0.3585
13:14:32 | INFO    |   [max_balanced_accuracy] test | AUROC=0.7503 AUPRC=0.8420 F1=0.6327 sens=0.5118 spec=0.8302 bal_acc=0.6710 thr=0.700
13:14:32 | INFO    |   [max_balanced_accuracy] val  | AUROC=0.7748 AUPRC=0.8605 F1=0.6617 sens=0.5235 spec=0.9057
13:14:32 | INFO    |   [sensitivity_at_specificity] test | AUROC=0.7503 AUPRC=0.8420 F1=0.7215 sens=0.6706 spec=0.6981 bal_acc=0.6844 thr=0.615
13:14:32 | INFO    |   [sensitivity_at_specificity] val  | AUROC=0.7748 AUPRC=0.8605 F1=0.7382 sens=0.6882 spec=0.7170
13:14:32 | INFO    |   [specificity_at_sensitivity] test | AUROC=0.7503 AUPRC=0.8420 F1=0.7656 sens=0.8647 spec=0.3679 bal_acc=0.6163 thr=0.472
13:14:32 | INFO    |   [specificity_at_sensitivity] val  | AUROC=0.7748 AUPRC=0.8605 F1=0.7866 sens=0.9000 spec=0.3774
13:14:32 | INFO    |   progress | done=21/72 | elapsed=00:12 | avg/exp=0.6s | eta=00:31
13:14:32 | INFO    | [22/72] horizon=12h | channels=values | static=static | model=ExtraTrees_balanced | elapsed=00:12 | eta=00:31
13:14:32 | INFO    |   features: mode=static train=(2205, 109) val=(276, 109) test=(276, 109) | dynamic_dim=100 static_dim=9 total_dim=109 | feat_time=0.01s
13:14:33 | INFO    |   timings  | feat=0.01s fit=0.67s predict=0.15s total=0.83s
13:14:33 | INFO    |   [max_f1] test | AUROC=0.7511 AUPRC=0.8479 F1=0.7493 sens=0.8353 spec=0.3679 bal_acc=0.6016 thr=0.472
13:14:33 | INFO    |   [max_f1] val  | AUROC=0.7811 AUPRC=0.8658 F1=0.7837 sens=0.9059 spec=0.3491
13:14:33 | INFO    |   [max_balanced_accuracy] test | AUROC=0.7511 AUPRC=0.8479 F1=0.6690 sens=0.5588 spec=0.8208 bal_acc=0.6898 thr=0.665
13:14:33 | INFO    |   [max_balanced_accuracy] val  | AUROC=0.7811 AUPRC=0.8658 F1=0.7083 sens=0.6000 spec=0.8491
13:14:33 | INFO    |   [sensitivity_at_specificity] test | AUROC=0.7511 AUPRC=0.8479 F1=0.7078 sens=0.6412 spec=0.7264 bal_acc=0.6838 thr=0.627
13:14:33 | INFO    |   [sensitivity_at_specificity] val  | AUROC=0.7811 AUPRC=0.8658 F1=0.7372 sens=0.6765 spec=0.7453
13:14:33 | INFO    |   [specificity_at_sensitivity] test | AUROC=0.7511 AUPRC=0.8479 F1=0.7493 sens=0.8353 spec=0.3679 bal_acc=0.6016 thr=0.472
13:14:33 | INFO    |   [specificity_at_sensitivity] val  | AUROC=0.7811 AUPRC=0.8658 F1=0.7837 sens=0.9059 spec=0.3491
13:14:33 | INFO    |   progress | done=22/72 | elapsed=00:13 | avg/exp=0.6s | eta=00:31
13:14:33 | INFO    | [23/72] horizon=12h | channels=values | static=static | model=HistGradBoost | elapsed=00:13 | eta=00:31
13:14:33 | INFO    |   features: mode=static train=(2205, 109) val=(276, 109) test=(276, 109) | dynamic_dim=100 static_dim=9 total_dim=109 | feat_time=0.01s
13:14:33 | INFO    |   timings  | feat=0.01s fit=0.23s predict=0.00s total=0.24s
13:14:33 | INFO    |   [max_f1] test | AUROC=0.7911 AUPRC=0.8722 F1=0.7940 sens=0.9294 spec=0.3396 bal_acc=0.6345 thr=0.277
13:14:33 | INFO    |   [max_f1] val  | AUROC=0.7691 AUPRC=0.8589 F1=0.7852 sens=0.9353 spec=0.2830
13:14:33 | INFO    |   [max_balanced_accuracy] test | AUROC=0.7911 AUPRC=0.8722 F1=0.7368 sens=0.6588 spec=0.7925 bal_acc=0.7256 thr=0.571
13:14:33 | INFO    |   [max_balanced_accuracy] val  | AUROC=0.7691 AUPRC=0.8589 F1=0.7403 sens=0.6706 spec=0.7736
13:14:33 | INFO    |   [sensitivity_at_specificity] test | AUROC=0.7911 AUPRC=0.8722 F1=0.7355 sens=0.6706 spec=0.7547 bal_acc=0.7127 thr=0.550
13:14:33 | INFO    |   [sensitivity_at_specificity] val  | AUROC=0.7691 AUPRC=0.8589 F1=0.7516 sens=0.7118 spec=0.7075
13:14:33 | INFO    |   [specificity_at_sensitivity] test | AUROC=0.7911 AUPRC=0.8722 F1=0.8000 sens=0.9176 spec=0.3962 bal_acc=0.6569 thr=0.325
13:14:33 | INFO    |   [specificity_at_sensitivity] val  | AUROC=0.7691 AUPRC=0.8589 F1=0.7797 sens=0.9059 spec=0.3302
13:14:33 | INFO    |   progress | done=23/72 | elapsed=00:14 | avg/exp=0.6s | eta=00:30
13:14:33 | INFO    | [24/72] horizon=12h | channels=values | static=static | model=MLP_tabular | elapsed=00:14 | eta=00:30
13:14:33 | INFO    |   features: mode=static train=(2205, 109) val=(276, 109) test=(276, 109) | dynamic_dim=100 static_dim=9 total_dim=109 | feat_time=0.01s
13:14:34 | INFO    |   timings  | feat=0.01s fit=0.81s predict=0.00s total=0.82s
13:14:34 | INFO    |   [max_f1] test | AUROC=0.7032 AUPRC=0.7978 F1=0.7717 sens=0.9941 spec=0.0660 bal_acc=0.5301 thr=0.270
13:14:34 | INFO    |   [max_f1] val  | AUROC=0.7020 AUPRC=0.7677 F1=0.7788 sens=0.9941 spec=0.1038
13:14:34 | INFO    |   [max_balanced_accuracy] test | AUROC=0.7032 AUPRC=0.7978 F1=0.6796 sens=0.6176 spec=0.6792 bal_acc=0.6484 thr=0.637
13:14:34 | INFO    |   [max_balanced_accuracy] val  | AUROC=0.7020 AUPRC=0.7677 F1=0.6865 sens=0.6118 spec=0.7264
13:14:34 | INFO    |   [sensitivity_at_specificity] test | AUROC=0.7032 AUPRC=0.7978 F1=0.7006 sens=0.6471 spec=0.6792 bal_acc=0.6632 thr=0.628
13:14:34 | INFO    |   [sensitivity_at_specificity] val  | AUROC=0.7020 AUPRC=0.7677 F1=0.6906 sens=0.6235 spec=0.7075
13:14:34 | INFO    |   [specificity_at_sensitivity] test | AUROC=0.7032 AUPRC=0.7978 F1=0.7631 sens=0.9000 spec=0.2642 bal_acc=0.5821 thr=0.417
13:14:34 | INFO    |   [specificity_at_sensitivity] val  | AUROC=0.7020 AUPRC=0.7677 F1=0.7747 sens=0.9000 spec=0.3208
13:14:34 | INFO    |   progress | done=24/72 | elapsed=00:15 | avg/exp=0.6s | eta=00:30
13:14:34 | INFO    | [25/72] horizon=12h | channels=values_masks | static=static | model=Dummy_StratifiedFloor | elapsed=00:15 | eta=00:30
13:14:34 | INFO    |   features: mode=static train=(2205, 209) val=(276, 209) test=(276, 209) | dynamic_dim=200 static_dim=9 total_dim=209 | feat_time=0.01s
13:14:34 | WARNING | select_threshold: no threshold satisfies specificity>=0.70 (mode=sensitivity_at_specificity); falling back to max_balanced_accuracy
13:14:34 | INFO    |   timings  | feat=0.01s fit=0.00s predict=0.00s total=0.01s
13:14:34 | INFO    |   [max_f1] test | AUROC=0.4781 AUPRC=0.6059 F1=0.7623 sens=1.0000 spec=0.0000 bal_acc=0.5000 thr=0.000
13:14:34 | INFO    |   [max_f1] val  | AUROC=0.4704 AUPRC=0.6025 F1=0.7623 sens=1.0000 spec=0.0000
13:14:34 | INFO    |   [max_balanced_accuracy] test | AUROC=0.4781 AUPRC=0.6059 F1=0.7623 sens=1.0000 spec=0.0000 bal_acc=0.5000 thr=0.000
13:14:34 | INFO    |   [max_balanced_accuracy] val  | AUROC=0.4704 AUPRC=0.6025 F1=0.7623 sens=1.0000 spec=0.0000
13:14:34 | INFO    |   [sensitivity_at_specificity] test | AUROC=0.4781 AUPRC=0.6059 F1=0.7623 sens=1.0000 spec=0.0000 bal_acc=0.5000 thr=0.000 [FALLBACK]
13:14:34 | INFO    |   [sensitivity_at_specificity] val  | AUROC=0.4704 AUPRC=0.6025 F1=0.7623 sens=1.0000 spec=0.0000
13:14:34 | INFO    |   [specificity_at_sensitivity] test | AUROC=0.4781 AUPRC=0.6059 F1=0.7623 sens=1.0000 spec=0.0000 bal_acc=0.5000 thr=0.000
13:14:34 | INFO    |   [specificity_at_sensitivity] val  | AUROC=0.4704 AUPRC=0.6025 F1=0.7623 sens=1.0000 spec=0.0000
13:14:34 | INFO    |   progress | done=25/72 | elapsed=00:15 | avg/exp=0.6s | eta=00:28
13:14:34 | INFO    | [26/72] horizon=12h | channels=values_masks | static=static | model=LogReg_L2_balanced | elapsed=00:15 | eta=00:28
13:14:34 | INFO    |   features: mode=static train=(2205, 209) val=(276, 209) test=(276, 209) | dynamic_dim=200 static_dim=9 total_dim=209 | feat_time=0.01s
13:14:35 | INFO    |   timings  | feat=0.01s fit=0.03s predict=0.00s total=0.04s
13:14:35 | INFO    |   [max_f1] test | AUROC=0.7254 AUPRC=0.8127 F1=0.7688 sens=0.9000 spec=0.2925 bal_acc=0.5962 thr=0.261
13:14:35 | INFO    |   [max_f1] val  | AUROC=0.7368 AUPRC=0.7884 F1=0.8030 sens=0.9471 spec=0.3396
13:14:35 | INFO    |   [max_balanced_accuracy] test | AUROC=0.7254 AUPRC=0.8127 F1=0.7390 sens=0.7412 spec=0.5755 bal_acc=0.6583 thr=0.462
13:14:35 | INFO    |   [max_balanced_accuracy] val  | AUROC=0.7368 AUPRC=0.7884 F1=0.7445 sens=0.6941 spec=0.7264
13:14:35 | INFO    |   [sensitivity_at_specificity] test | AUROC=0.7254 AUPRC=0.8127 F1=0.7390 sens=0.7412 spec=0.5755 bal_acc=0.6583 thr=0.462
13:14:35 | INFO    |   [sensitivity_at_specificity] val  | AUROC=0.7368 AUPRC=0.7884 F1=0.7445 sens=0.6941 spec=0.7264
13:14:35 | INFO    |   [specificity_at_sensitivity] test | AUROC=0.7254 AUPRC=0.8127 F1=0.7688 sens=0.9000 spec=0.2925 bal_acc=0.5962 thr=0.262
13:14:35 | INFO    |   [specificity_at_sensitivity] val  | AUROC=0.7368 AUPRC=0.7884 F1=0.8020 sens=0.9412 spec=0.3491
13:14:35 | INFO    |   progress | done=26/72 | elapsed=00:15 | avg/exp=0.6s | eta=00:27
13:14:35 | INFO    | [27/72] horizon=12h | channels=values_masks | static=static | model=RandomForest_balanced | elapsed=00:15 | eta=00:27
13:14:35 | INFO    |   features: mode=static train=(2205, 209) val=(276, 209) test=(276, 209) | dynamic_dim=200 static_dim=9 total_dim=209 | feat_time=0.01s
13:14:36 | INFO    |   timings  | feat=0.01s fit=1.30s predict=0.14s total=1.45s
13:14:36 | INFO    |   [max_f1] test | AUROC=0.7520 AUPRC=0.8408 F1=0.7760 sens=0.8765 spec=0.3868 bal_acc=0.6316 thr=0.460
13:14:36 | INFO    |   [max_f1] val  | AUROC=0.7656 AUPRC=0.8538 F1=0.7848 sens=0.9118 spec=0.3396
13:14:36 | INFO    |   [max_balanced_accuracy] test | AUROC=0.7520 AUPRC=0.8408 F1=0.6324 sens=0.5059 spec=0.8491 bal_acc=0.6775 thr=0.705
13:14:36 | INFO    |   [max_balanced_accuracy] val  | AUROC=0.7656 AUPRC=0.8538 F1=0.6691 sens=0.5294 spec=0.9151
13:14:36 | INFO    |   [sensitivity_at_specificity] test | AUROC=0.7520 AUPRC=0.8408 F1=0.7110 sens=0.6294 spec=0.7736 bal_acc=0.7015 thr=0.645
13:14:36 | INFO    |   [sensitivity_at_specificity] val  | AUROC=0.7656 AUPRC=0.8538 F1=0.7013 sens=0.6353 spec=0.7170
13:14:36 | INFO    |   [specificity_at_sensitivity] test | AUROC=0.7520 AUPRC=0.8408 F1=0.7728 sens=0.8706 spec=0.3868 bal_acc=0.6287 thr=0.465
13:14:36 | INFO    |   [specificity_at_sensitivity] val  | AUROC=0.7656 AUPRC=0.8538 F1=0.7837 sens=0.9059 spec=0.3491
13:14:36 | INFO    |   progress | done=27/72 | elapsed=00:16 | avg/exp=0.6s | eta=00:28
13:14:36 | INFO    | [28/72] horizon=12h | channels=values_masks | static=static | model=ExtraTrees_balanced | elapsed=00:16 | eta=00:28
13:14:36 | INFO    |   features: mode=static train=(2205, 209) val=(276, 209) test=(276, 209) | dynamic_dim=200 static_dim=9 total_dim=209 | feat_time=0.01s
13:14:37 | INFO    |   timings  | feat=0.01s fit=0.70s predict=0.15s total=0.86s
13:14:37 | INFO    |   [max_f1] test | AUROC=0.7700 AUPRC=0.8555 F1=0.7848 sens=0.9118 spec=0.3396 bal_acc=0.6257 thr=0.422
13:14:37 | INFO    |   [max_f1] val  | AUROC=0.7572 AUPRC=0.8442 F1=0.7882 sens=0.9412 spec=0.2830
13:14:37 | INFO    |   [max_balanced_accuracy] test | AUROC=0.7700 AUPRC=0.8555 F1=0.6959 sens=0.6059 spec=0.7830 bal_acc=0.6945 thr=0.657
13:14:37 | INFO    |   [max_balanced_accuracy] val  | AUROC=0.7572 AUPRC=0.8442 F1=0.7095 sens=0.6176 spec=0.8019
13:14:37 | INFO    |   [sensitivity_at_specificity] test | AUROC=0.7700 AUPRC=0.8555 F1=0.7161 sens=0.6529 spec=0.7264 bal_acc=0.6897 thr=0.632
13:14:37 | INFO    |   [sensitivity_at_specificity] val  | AUROC=0.7572 AUPRC=0.8442 F1=0.7179 sens=0.6588 spec=0.7170
13:14:37 | INFO    |   [specificity_at_sensitivity] test | AUROC=0.7700 AUPRC=0.8555 F1=0.7837 sens=0.9059 spec=0.3491 bal_acc=0.6275 thr=0.450
13:14:37 | INFO    |   [specificity_at_sensitivity] val  | AUROC=0.7572 AUPRC=0.8442 F1=0.7786 sens=0.9000 spec=0.3396
13:14:37 | INFO    |   progress | done=28/72 | elapsed=00:17 | avg/exp=0.6s | eta=00:28
13:14:37 | INFO    | [29/72] horizon=12h | channels=values_masks | static=static | model=HistGradBoost | elapsed=00:17 | eta=00:28
13:14:37 | INFO    |   features: mode=static train=(2205, 209) val=(276, 209) test=(276, 209) | dynamic_dim=200 static_dim=9 total_dim=209 | feat_time=0.01s
13:14:38 | INFO    |   timings  | feat=0.01s fit=0.38s predict=0.00s total=0.40s
13:14:38 | INFO    |   [max_f1] test | AUROC=0.7862 AUPRC=0.8702 F1=0.7912 sens=0.9471 spec=0.2830 bal_acc=0.6150 thr=0.218
13:14:38 | INFO    |   [max_f1] val  | AUROC=0.7780 AUPRC=0.8561 F1=0.7902 sens=0.9529 spec=0.2642
13:14:38 | INFO    |   [max_balanced_accuracy] test | AUROC=0.7862 AUPRC=0.8702 F1=0.7395 sens=0.6765 spec=0.7547 bal_acc=0.7156 thr=0.559
13:14:38 | INFO    |   [max_balanced_accuracy] val  | AUROC=0.7780 AUPRC=0.8561 F1=0.7516 sens=0.6941 spec=0.7547
13:14:38 | INFO    |   [sensitivity_at_specificity] test | AUROC=0.7862 AUPRC=0.8702 F1=0.7469 sens=0.7118 spec=0.6887 bal_acc=0.7002 thr=0.527
13:14:38 | INFO    |   [sensitivity_at_specificity] val  | AUROC=0.7780 AUPRC=0.8561 F1=0.7593 sens=0.7235 spec=0.7075
13:14:38 | INFO    |   [specificity_at_sensitivity] test | AUROC=0.7862 AUPRC=0.8702 F1=0.7927 sens=0.9000 spec=0.4057 bal_acc=0.6528 thr=0.333
13:14:38 | INFO    |   [specificity_at_sensitivity] val  | AUROC=0.7780 AUPRC=0.8561 F1=0.7866 sens=0.9000 spec=0.3774
13:14:38 | INFO    |   progress | done=29/72 | elapsed=00:18 | avg/exp=0.6s | eta=00:27
13:14:38 | INFO    | [30/72] horizon=12h | channels=values_masks | static=static | model=MLP_tabular | elapsed=00:18 | eta=00:27
13:14:38 | INFO    |   features: mode=static train=(2205, 209) val=(276, 209) test=(276, 209) | dynamic_dim=200 static_dim=9 total_dim=209 | feat_time=0.01s
13:14:38 | INFO    |   timings  | feat=0.01s fit=0.75s predict=0.00s total=0.76s
13:14:38 | INFO    |   [max_f1] test | AUROC=0.7381 AUPRC=0.8138 F1=0.7584 sens=0.8588 spec=0.3491 bal_acc=0.6039 thr=0.170
13:14:38 | INFO    |   [max_f1] val  | AUROC=0.7152 AUPRC=0.8077 F1=0.7870 sens=0.9235 spec=0.3208
13:14:38 | INFO    |   [max_balanced_accuracy] test | AUROC=0.7381 AUPRC=0.8138 F1=0.6667 sens=0.5588 spec=0.8113 bal_acc=0.6851 thr=0.790
13:14:38 | INFO    |   [max_balanced_accuracy] val  | AUROC=0.7152 AUPRC=0.8077 F1=0.6357 sens=0.5235 spec=0.8019
13:14:38 | INFO    |   [sensitivity_at_specificity] test | AUROC=0.7381 AUPRC=0.8138 F1=0.6997 sens=0.6235 spec=0.7453 bal_acc=0.6844 thr=0.705
13:14:38 | INFO    |   [sensitivity_at_specificity] val  | AUROC=0.7152 AUPRC=0.8077 F1=0.6776 sens=0.6059 spec=0.7075
13:14:38 | INFO    |   [specificity_at_sensitivity] test | AUROC=0.7381 AUPRC=0.8138 F1=0.7552 sens=0.8529 spec=0.3491 bal_acc=0.6010 thr=0.179
13:14:38 | INFO    |   [specificity_at_sensitivity] val  | AUROC=0.7152 AUPRC=0.8077 F1=0.7859 sens=0.9176 spec=0.3302
13:14:38 | INFO    |   progress | done=30/72 | elapsed=00:19 | avg/exp=0.6s | eta=00:27
13:14:38 | INFO    | [31/72] horizon=12h | channels=full | static=static | model=Dummy_StratifiedFloor | elapsed=00:19 | eta=00:27
13:14:38 | INFO    |   features: mode=static train=(2205, 369) val=(276, 369) test=(276, 369) | dynamic_dim=360 static_dim=9 total_dim=369 | feat_time=0.01s
13:14:39 | WARNING | select_threshold: no threshold satisfies specificity>=0.70 (mode=sensitivity_at_specificity); falling back to max_balanced_accuracy
13:14:39 | INFO    |   timings  | feat=0.01s fit=0.00s predict=0.00s total=0.01s
13:14:39 | INFO    |   [max_f1] test | AUROC=0.4781 AUPRC=0.6059 F1=0.7623 sens=1.0000 spec=0.0000 bal_acc=0.5000 thr=0.000
13:14:39 | INFO    |   [max_f1] val  | AUROC=0.4704 AUPRC=0.6025 F1=0.7623 sens=1.0000 spec=0.0000
13:14:39 | INFO    |   [max_balanced_accuracy] test | AUROC=0.4781 AUPRC=0.6059 F1=0.7623 sens=1.0000 spec=0.0000 bal_acc=0.5000 thr=0.000
13:14:39 | INFO    |   [max_balanced_accuracy] val  | AUROC=0.4704 AUPRC=0.6025 F1=0.7623 sens=1.0000 spec=0.0000
13:14:39 | INFO    |   [sensitivity_at_specificity] test | AUROC=0.4781 AUPRC=0.6059 F1=0.7623 sens=1.0000 spec=0.0000 bal_acc=0.5000 thr=0.000 [FALLBACK]
13:14:39 | INFO    |   [sensitivity_at_specificity] val  | AUROC=0.4704 AUPRC=0.6025 F1=0.7623 sens=1.0000 spec=0.0000
13:14:39 | INFO    |   [specificity_at_sensitivity] test | AUROC=0.4781 AUPRC=0.6059 F1=0.7623 sens=1.0000 spec=0.0000 bal_acc=0.5000 thr=0.000
13:14:39 | INFO    |   [specificity_at_sensitivity] val  | AUROC=0.4704 AUPRC=0.6025 F1=0.7623 sens=1.0000 spec=0.0000
13:14:39 | INFO    |   progress | done=31/72 | elapsed=00:19 | avg/exp=0.6s | eta=00:25
13:14:39 | INFO    | [32/72] horizon=12h | channels=full | static=static | model=LogReg_L2_balanced | elapsed=00:19 | eta=00:25
13:14:39 | INFO    |   features: mode=static train=(2205, 369) val=(276, 369) test=(276, 369) | dynamic_dim=360 static_dim=9 total_dim=369 | feat_time=0.01s
13:14:39 | INFO    |   timings  | feat=0.01s fit=0.06s predict=0.00s total=0.07s
13:14:39 | INFO    |   [max_f1] test | AUROC=0.7451 AUPRC=0.8198 F1=0.7644 sens=0.8588 spec=0.3774 bal_acc=0.6181 thr=0.260
13:14:39 | INFO    |   [max_f1] val  | AUROC=0.7405 AUPRC=0.7984 F1=0.8148 sens=0.9059 spec=0.4906
13:14:39 | INFO    |   [max_balanced_accuracy] test | AUROC=0.7451 AUPRC=0.8198 F1=0.7644 sens=0.8588 spec=0.3774 bal_acc=0.6181 thr=0.260
13:14:39 | INFO    |   [max_balanced_accuracy] val  | AUROC=0.7405 AUPRC=0.7984 F1=0.8148 sens=0.9059 spec=0.4906
13:14:39 | INFO    |   [sensitivity_at_specificity] test | AUROC=0.7451 AUPRC=0.8198 F1=0.7078 sens=0.6412 spec=0.7264 bal_acc=0.6838 thr=0.557
13:14:39 | INFO    |   [sensitivity_at_specificity] val  | AUROC=0.7405 AUPRC=0.7984 F1=0.7013 sens=0.6353 spec=0.7170
13:14:39 | INFO    |   [specificity_at_sensitivity] test | AUROC=0.7451 AUPRC=0.8198 F1=0.7644 sens=0.8588 spec=0.3774 bal_acc=0.6181 thr=0.260
13:14:39 | INFO    |   [specificity_at_sensitivity] val  | AUROC=0.7405 AUPRC=0.7984 F1=0.8148 sens=0.9059 spec=0.4906
13:14:39 | INFO    |   progress | done=32/72 | elapsed=00:19 | avg/exp=0.6s | eta=00:24
13:14:39 | INFO    | [33/72] horizon=12h | channels=full | static=static | model=RandomForest_balanced | elapsed=00:19 | eta=00:24
13:14:39 | INFO    |   features: mode=static train=(2205, 369) val=(276, 369) test=(276, 369) | dynamic_dim=360 static_dim=9 total_dim=369 | feat_time=0.01s
13:14:40 | INFO    |   timings  | feat=0.01s fit=1.15s predict=0.14s total=1.30s
13:14:40 | INFO    |   [max_f1] test | AUROC=0.7631 AUPRC=0.8410 F1=0.7828 sens=0.9647 spec=0.1981 bal_acc=0.5814 thr=0.320
13:14:40 | INFO    |   [max_f1] val  | AUROC=0.7567 AUPRC=0.8313 F1=0.7905 sens=0.9765 spec=0.2075
13:14:40 | INFO    |   [max_balanced_accuracy] test | AUROC=0.7631 AUPRC=0.8410 F1=0.6977 sens=0.6176 spec=0.7547 bal_acc=0.6862 thr=0.672
13:14:40 | INFO    |   [max_balanced_accuracy] val  | AUROC=0.7567 AUPRC=0.8313 F1=0.7290 sens=0.6647 spec=0.7453
13:14:40 | INFO    |   [sensitivity_at_specificity] test | AUROC=0.7631 AUPRC=0.8410 F1=0.6974 sens=0.6235 spec=0.7358 bal_acc=0.6797 thr=0.655
13:14:40 | INFO    |   [sensitivity_at_specificity] val  | AUROC=0.7567 AUPRC=0.8313 F1=0.7278 sens=0.6765 spec=0.7075
13:14:40 | INFO    |   [specificity_at_sensitivity] test | AUROC=0.7631 AUPRC=0.8410 F1=0.7606 sens=0.8412 spec=0.4057 bal_acc=0.6234 thr=0.448
13:14:40 | INFO    |   [specificity_at_sensitivity] val  | AUROC=0.7567 AUPRC=0.8313 F1=0.7826 sens=0.9000 spec=0.3585
13:14:40 | INFO    |   progress | done=33/72 | elapsed=00:21 | avg/exp=0.6s | eta=00:24
13:14:40 | INFO    | [34/72] horizon=12h | channels=full | static=static | model=ExtraTrees_balanced | elapsed=00:21 | eta=00:24
13:14:40 | INFO    |   features: mode=static train=(2205, 369) val=(276, 369) test=(276, 369) | dynamic_dim=360 static_dim=9 total_dim=369 | feat_time=0.01s
13:14:41 | INFO    |   timings  | feat=0.01s fit=0.78s predict=0.13s total=0.92s
13:14:41 | INFO    |   [max_f1] test | AUROC=0.7673 AUPRC=0.8441 F1=0.7810 sens=0.8706 spec=0.4245 bal_acc=0.6476 thr=0.443
13:14:41 | INFO    |   [max_f1] val  | AUROC=0.7603 AUPRC=0.8285 F1=0.7959 sens=0.9176 spec=0.3774
13:14:41 | INFO    |   [max_balanced_accuracy] test | AUROC=0.7673 AUPRC=0.8441 F1=0.6447 sens=0.5176 spec=0.8585 bal_acc=0.6881 thr=0.723
13:14:41 | INFO    |   [max_balanced_accuracy] val  | AUROC=0.7603 AUPRC=0.8285 F1=0.6950 sens=0.5765 spec=0.8679
13:14:41 | INFO    |   [sensitivity_at_specificity] test | AUROC=0.7673 AUPRC=0.8441 F1=0.7031 sens=0.6059 spec=0.8113 bal_acc=0.7086 thr=0.685
13:14:41 | INFO    |   [sensitivity_at_specificity] val  | AUROC=0.7603 AUPRC=0.8285 F1=0.7267 sens=0.6647 spec=0.7358
13:14:41 | INFO    |   [specificity_at_sensitivity] test | AUROC=0.7673 AUPRC=0.8441 F1=0.7807 sens=0.8588 spec=0.4528 bal_acc=0.6558 thr=0.470
13:14:41 | INFO    |   [specificity_at_sensitivity] val  | AUROC=0.7603 AUPRC=0.8285 F1=0.7927 sens=0.9000 spec=0.4057
13:14:41 | INFO    |   progress | done=34/72 | elapsed=00:22 | avg/exp=0.6s | eta=00:24
13:14:41 | INFO    | [35/72] horizon=12h | channels=full | static=static | model=HistGradBoost | elapsed=00:22 | eta=00:24
13:14:41 | INFO    |   features: mode=static train=(2205, 369) val=(276, 369) test=(276, 369) | dynamic_dim=360 static_dim=9 total_dim=369 | feat_time=0.01s
13:14:42 | INFO    |   timings  | feat=0.01s fit=0.56s predict=0.00s total=0.57s
13:14:42 | INFO    |   [max_f1] test | AUROC=0.8068 AUPRC=0.8781 F1=0.8031 sens=0.9235 spec=0.3962 bal_acc=0.6599 thr=0.294
13:14:42 | INFO    |   [max_f1] val  | AUROC=0.7760 AUPRC=0.8538 F1=0.7899 sens=0.9176 spec=0.3491
13:14:42 | INFO    |   [max_balanced_accuracy] test | AUROC=0.8068 AUPRC=0.8781 F1=0.7320 sens=0.6588 spec=0.7736 bal_acc=0.7162 thr=0.551
13:14:42 | INFO    |   [max_balanced_accuracy] val  | AUROC=0.7760 AUPRC=0.8538 F1=0.7616 sens=0.7235 spec=0.7170
13:14:42 | INFO    |   [sensitivity_at_specificity] test | AUROC=0.8068 AUPRC=0.8781 F1=0.7320 sens=0.6588 spec=0.7736 bal_acc=0.7162 thr=0.551
13:14:42 | INFO    |   [sensitivity_at_specificity] val  | AUROC=0.7760 AUPRC=0.8538 F1=0.7616 sens=0.7235 spec=0.7170
13:14:42 | INFO    |   [specificity_at_sensitivity] test | AUROC=0.8068 AUPRC=0.8781 F1=0.8031 sens=0.9235 spec=0.3962 bal_acc=0.6599 thr=0.297
13:14:42 | INFO    |   [specificity_at_sensitivity] val  | AUROC=0.7760 AUPRC=0.8538 F1=0.7888 sens=0.9118 spec=0.3585
13:14:42 | INFO    |   progress | done=35/72 | elapsed=00:22 | avg/exp=0.7s | eta=00:24
13:14:42 | INFO    | [36/72] horizon=12h | channels=full | static=static | model=MLP_tabular | elapsed=00:22 | eta=00:24
13:14:42 | INFO    |   features: mode=static train=(2205, 369) val=(276, 369) test=(276, 369) | dynamic_dim=360 static_dim=9 total_dim=369 | feat_time=0.01s
13:14:43 | INFO    |   timings  | feat=0.01s fit=0.67s predict=0.00s total=0.68s
13:14:43 | INFO    |   [max_f1] test | AUROC=0.7839 AUPRC=0.8495 F1=0.8000 sens=0.9647 spec=0.2830 bal_acc=0.6239 thr=0.242
13:14:43 | INFO    |   [max_f1] val  | AUROC=0.7422 AUPRC=0.8034 F1=0.7981 sens=0.9647 spec=0.2736
13:14:43 | INFO    |   [max_balanced_accuracy] test | AUROC=0.7839 AUPRC=0.8495 F1=0.7880 sens=0.8529 spec=0.5000 bal_acc=0.6765 thr=0.476
13:14:43 | INFO    |   [max_balanced_accuracy] val  | AUROC=0.7422 AUPRC=0.8034 F1=0.7956 sens=0.8588 spec=0.5189
13:14:43 | INFO    |   [sensitivity_at_specificity] test | AUROC=0.7839 AUPRC=0.8495 F1=0.7219 sens=0.6412 spec=0.7830 bal_acc=0.7121 thr=0.697
13:14:43 | INFO    |   [sensitivity_at_specificity] val  | AUROC=0.7422 AUPRC=0.8034 F1=0.6990 sens=0.6353 spec=0.7075
13:14:43 | INFO    |   [specificity_at_sensitivity] test | AUROC=0.7839 AUPRC=0.8495 F1=0.7969 sens=0.9118 spec=0.3962 bal_acc=0.6540 thr=0.352
13:14:43 | INFO    |   [specificity_at_sensitivity] val  | AUROC=0.7422 AUPRC=0.8034 F1=0.7826 sens=0.9000 spec=0.3585
13:14:43 | INFO    |   progress | done=36/72 | elapsed=00:23 | avg/exp=0.7s | eta=00:23
13:14:43 | INFO    | [37/72] horizon=18h | channels=values | static=static | model=Dummy_StratifiedFloor | elapsed=00:23 | eta=00:23
13:14:43 | INFO    |   features: mode=static train=(2205, 139) val=(276, 139) test=(276, 139) | dynamic_dim=130 static_dim=9 total_dim=139 | feat_time=0.01s
13:14:43 | WARNING | select_threshold: no threshold satisfies specificity>=0.70 (mode=sensitivity_at_specificity); falling back to max_balanced_accuracy
13:14:43 | INFO    |   timings  | feat=0.01s fit=0.00s predict=0.00s total=0.01s
13:14:43 | INFO    |   [max_f1] test | AUROC=0.4781 AUPRC=0.6059 F1=0.7623 sens=1.0000 spec=0.0000 bal_acc=0.5000 thr=0.000
13:14:43 | INFO    |   [max_f1] val  | AUROC=0.4704 AUPRC=0.6025 F1=0.7623 sens=1.0000 spec=0.0000
13:14:43 | INFO    |   [max_balanced_accuracy] test | AUROC=0.4781 AUPRC=0.6059 F1=0.7623 sens=1.0000 spec=0.0000 bal_acc=0.5000 thr=0.000
13:14:43 | INFO    |   [max_balanced_accuracy] val  | AUROC=0.4704 AUPRC=0.6025 F1=0.7623 sens=1.0000 spec=0.0000
13:14:43 | INFO    |   [sensitivity_at_specificity] test | AUROC=0.4781 AUPRC=0.6059 F1=0.7623 sens=1.0000 spec=0.0000 bal_acc=0.5000 thr=0.000 [FALLBACK]
13:14:43 | INFO    |   [sensitivity_at_specificity] val  | AUROC=0.4704 AUPRC=0.6025 F1=0.7623 sens=1.0000 spec=0.0000
13:14:43 | INFO    |   [specificity_at_sensitivity] test | AUROC=0.4781 AUPRC=0.6059 F1=0.7623 sens=1.0000 spec=0.0000 bal_acc=0.5000 thr=0.000
13:14:43 | INFO    |   [specificity_at_sensitivity] val  | AUROC=0.4704 AUPRC=0.6025 F1=0.7623 sens=1.0000 spec=0.0000
13:14:43 | INFO    |   progress | done=37/72 | elapsed=00:23 | avg/exp=0.6s | eta=00:22
13:14:43 | INFO    | [38/72] horizon=18h | channels=values | static=static | model=LogReg_L2_balanced | elapsed=00:23 | eta=00:22
13:14:43 | INFO    |   features: mode=static train=(2205, 139) val=(276, 139) test=(276, 139) | dynamic_dim=130 static_dim=9 total_dim=139 | feat_time=0.01s
13:14:43 | INFO    |   timings  | feat=0.01s fit=0.02s predict=0.00s total=0.03s
13:14:43 | INFO    |   [max_f1] test | AUROC=0.7174 AUPRC=0.8091 F1=0.7828 sens=0.9647 spec=0.1981 bal_acc=0.5814 thr=0.204
13:14:43 | INFO    |   [max_f1] val  | AUROC=0.7366 AUPRC=0.8073 F1=0.7807 sens=0.9529 spec=0.2170
13:14:43 | INFO    |   [max_balanced_accuracy] test | AUROC=0.7174 AUPRC=0.8091 F1=0.6978 sens=0.6588 spec=0.6321 bal_acc=0.6454 thr=0.505
13:14:43 | INFO    |   [max_balanced_accuracy] val  | AUROC=0.7366 AUPRC=0.8073 F1=0.7086 sens=0.6294 spec=0.7642
13:14:43 | INFO    |   [sensitivity_at_specificity] test | AUROC=0.7174 AUPRC=0.8091 F1=0.7069 sens=0.6882 spec=0.5849 bal_acc=0.6366 thr=0.486
13:14:43 | INFO    |   [sensitivity_at_specificity] val  | AUROC=0.7366 AUPRC=0.8073 F1=0.7197 sens=0.6647 spec=0.7075
13:14:43 | INFO    |   [specificity_at_sensitivity] test | AUROC=0.7174 AUPRC=0.8091 F1=0.7794 sens=0.9353 spec=0.2547 bal_acc=0.5950 thr=0.257
13:14:43 | INFO    |   [specificity_at_sensitivity] val  | AUROC=0.7366 AUPRC=0.8073 F1=0.7708 sens=0.9000 spec=0.3019
13:14:43 | INFO    |   progress | done=38/72 | elapsed=00:23 | avg/exp=0.6s | eta=00:21
13:14:43 | INFO    | [39/72] horizon=18h | channels=values | static=static | model=RandomForest_balanced | elapsed=00:23 | eta=00:21
13:14:43 | INFO    |   features: mode=static train=(2205, 139) val=(276, 139) test=(276, 139) | dynamic_dim=130 static_dim=9 total_dim=139 | feat_time=0.01s
13:14:45 | INFO    |   timings  | feat=0.01s fit=1.46s predict=0.11s total=1.58s
13:14:45 | INFO    |   [max_f1] test | AUROC=0.7442 AUPRC=0.8415 F1=0.7745 sens=0.9294 spec=0.2453 bal_acc=0.5873 thr=0.410
13:14:45 | INFO    |   [max_f1] val  | AUROC=0.7812 AUPRC=0.8563 F1=0.8000 sens=0.9647 spec=0.2830
13:14:45 | INFO    |   [max_balanced_accuracy] test | AUROC=0.7442 AUPRC=0.8415 F1=0.7227 sens=0.6824 spec=0.6698 bal_acc=0.6761 thr=0.618
13:14:45 | INFO    |   [max_balanced_accuracy] val  | AUROC=0.7812 AUPRC=0.8563 F1=0.7554 sens=0.7176 spec=0.7075
13:14:45 | INFO    |   [sensitivity_at_specificity] test | AUROC=0.7442 AUPRC=0.8415 F1=0.7227 sens=0.6824 spec=0.6698 bal_acc=0.6761 thr=0.618
13:14:45 | INFO    |   [sensitivity_at_specificity] val  | AUROC=0.7812 AUPRC=0.8563 F1=0.7554 sens=0.7176 spec=0.7075
13:14:45 | INFO    |   [specificity_at_sensitivity] test | AUROC=0.7442 AUPRC=0.8415 F1=0.7507 sens=0.8412 spec=0.3585 bal_acc=0.5998 thr=0.472
13:14:45 | INFO    |   [specificity_at_sensitivity] val  | AUROC=0.7812 AUPRC=0.8563 F1=0.7826 sens=0.9000 spec=0.3585
13:14:45 | INFO    |   progress | done=39/72 | elapsed=00:25 | avg/exp=0.7s | eta=00:21
13:14:45 | INFO    | [40/72] horizon=18h | channels=values | static=static | model=ExtraTrees_balanced | elapsed=00:25 | eta=00:21
13:14:45 | INFO    |   features: mode=static train=(2205, 139) val=(276, 139) test=(276, 139) | dynamic_dim=130 static_dim=9 total_dim=139 | feat_time=0.01s
13:14:46 | INFO    |   timings  | feat=0.01s fit=0.67s predict=0.15s total=0.83s
13:14:46 | INFO    |   [max_f1] test | AUROC=0.7413 AUPRC=0.8396 F1=0.7700 sens=0.9059 spec=0.2830 bal_acc=0.5945 thr=0.438
13:14:46 | INFO    |   [max_f1] val  | AUROC=0.7921 AUPRC=0.8686 F1=0.8010 sens=0.9588 spec=0.3019
13:14:46 | INFO    |   [max_balanced_accuracy] test | AUROC=0.7413 AUPRC=0.8396 F1=0.6782 sens=0.5765 spec=0.8019 bal_acc=0.6892 thr=0.667
13:14:46 | INFO    |   [max_balanced_accuracy] val  | AUROC=0.7921 AUPRC=0.8686 F1=0.6950 sens=0.5765 spec=0.8679
13:14:46 | INFO    |   [sensitivity_at_specificity] test | AUROC=0.7413 AUPRC=0.8396 F1=0.7143 sens=0.6765 spec=0.6509 bal_acc=0.6637 thr=0.610
13:14:46 | INFO    |   [sensitivity_at_specificity] val  | AUROC=0.7921 AUPRC=0.8686 F1=0.7438 sens=0.7000 spec=0.7075
13:14:46 | INFO    |   [specificity_at_sensitivity] test | AUROC=0.7413 AUPRC=0.8396 F1=0.7649 sens=0.8706 spec=0.3491 bal_acc=0.6098 thr=0.472
13:14:46 | INFO    |   [specificity_at_sensitivity] val  | AUROC=0.7921 AUPRC=0.8686 F1=0.7806 sens=0.9000 spec=0.3491
13:14:46 | INFO    |   progress | done=40/72 | elapsed=00:26 | avg/exp=0.7s | eta=00:21
13:14:46 | INFO    | [41/72] horizon=18h | channels=values | static=static | model=HistGradBoost | elapsed=00:26 | eta=00:21
13:14:46 | INFO    |   features: mode=static train=(2205, 139) val=(276, 139) test=(276, 139) | dynamic_dim=130 static_dim=9 total_dim=139 | feat_time=0.01s
13:14:46 | INFO    |   timings  | feat=0.01s fit=0.60s predict=0.00s total=0.61s
13:14:46 | INFO    |   [max_f1] test | AUROC=0.7736 AUPRC=0.8620 F1=0.7697 sens=0.8059 spec=0.5377 bal_acc=0.6718 thr=0.429
13:14:46 | INFO    |   [max_f1] val  | AUROC=0.7614 AUPRC=0.8368 F1=0.7867 sens=0.8353 spec=0.5377
13:14:46 | INFO    |   [max_balanced_accuracy] test | AUROC=0.7736 AUPRC=0.8620 F1=0.7652 sens=0.7765 spec=0.5943 bal_acc=0.6854 thr=0.474
13:14:46 | INFO    |   [max_balanced_accuracy] val  | AUROC=0.7614 AUPRC=0.8368 F1=0.7839 sens=0.8000 spec=0.6132
13:14:46 | INFO    |   [sensitivity_at_specificity] test | AUROC=0.7736 AUPRC=0.8620 F1=0.7078 sens=0.6412 spec=0.7264 bal_acc=0.6838 thr=0.561
13:14:46 | INFO    |   [sensitivity_at_specificity] val  | AUROC=0.7614 AUPRC=0.8368 F1=0.7319 sens=0.6824 spec=0.7075
13:14:46 | INFO    |   [specificity_at_sensitivity] test | AUROC=0.7736 AUPRC=0.8620 F1=0.7940 sens=0.9294 spec=0.3396 bal_acc=0.6345 thr=0.275
13:14:46 | INFO    |   [specificity_at_sensitivity] val  | AUROC=0.7614 AUPRC=0.8368 F1=0.7742 sens=0.9176 spec=0.2736
13:14:46 | INFO    |   progress | done=41/72 | elapsed=00:27 | avg/exp=0.7s | eta=00:20
13:14:46 | INFO    | [42/72] horizon=18h | channels=values | static=static | model=MLP_tabular | elapsed=00:27 | eta=00:20
13:14:46 | INFO    |   features: mode=static train=(2205, 139) val=(276, 139) test=(276, 139) | dynamic_dim=130 static_dim=9 total_dim=139 | feat_time=0.01s
13:14:47 | INFO    |   timings  | feat=0.01s fit=0.50s predict=0.00s total=0.51s
13:14:47 | INFO    |   [max_f1] test | AUROC=0.7176 AUPRC=0.7974 F1=0.7668 sens=0.8706 spec=0.3585 bal_acc=0.6145 thr=0.474
13:14:47 | INFO    |   [max_f1] val  | AUROC=0.7858 AUPRC=0.8528 F1=0.8104 sens=0.9176 spec=0.4434
13:14:47 | INFO    |   [max_balanced_accuracy] test | AUROC=0.7176 AUPRC=0.7974 F1=0.7074 sens=0.6471 spec=0.7075 bal_acc=0.6773 thr=0.657
13:14:47 | INFO    |   [max_balanced_accuracy] val  | AUROC=0.7858 AUPRC=0.8528 F1=0.7379 sens=0.6706 spec=0.7642
13:14:47 | INFO    |   [sensitivity_at_specificity] test | AUROC=0.7176 AUPRC=0.7974 F1=0.7051 sens=0.6471 spec=0.6981 bal_acc=0.6726 thr=0.655
13:14:47 | INFO    |   [sensitivity_at_specificity] val  | AUROC=0.7858 AUPRC=0.8528 F1=0.7395 sens=0.6765 spec=0.7547
13:14:47 | INFO    |   [specificity_at_sensitivity] test | AUROC=0.7176 AUPRC=0.7974 F1=0.7559 sens=0.8471 spec=0.3679 bal_acc=0.6075 thr=0.485
13:14:47 | INFO    |   [specificity_at_sensitivity] val  | AUROC=0.7858 AUPRC=0.8528 F1=0.8053 sens=0.9000 spec=0.4623
13:14:47 | INFO    |   progress | done=42/72 | elapsed=00:27 | avg/exp=0.7s | eta=00:19
13:14:47 | INFO    | [43/72] horizon=18h | channels=values_masks | static=static | model=Dummy_StratifiedFloor | elapsed=00:27 | eta=00:19
13:14:47 | INFO    |   features: mode=static train=(2205, 269) val=(276, 269) test=(276, 269) | dynamic_dim=260 static_dim=9 total_dim=269 | feat_time=0.01s
13:14:47 | WARNING | select_threshold: no threshold satisfies specificity>=0.70 (mode=sensitivity_at_specificity); falling back to max_balanced_accuracy
13:14:47 | INFO    |   timings  | feat=0.01s fit=0.00s predict=0.00s total=0.01s
13:14:47 | INFO    |   [max_f1] test | AUROC=0.4781 AUPRC=0.6059 F1=0.7623 sens=1.0000 spec=0.0000 bal_acc=0.5000 thr=0.000
13:14:47 | INFO    |   [max_f1] val  | AUROC=0.4704 AUPRC=0.6025 F1=0.7623 sens=1.0000 spec=0.0000
13:14:47 | INFO    |   [max_balanced_accuracy] test | AUROC=0.4781 AUPRC=0.6059 F1=0.7623 sens=1.0000 spec=0.0000 bal_acc=0.5000 thr=0.000
13:14:47 | INFO    |   [max_balanced_accuracy] val  | AUROC=0.4704 AUPRC=0.6025 F1=0.7623 sens=1.0000 spec=0.0000
13:14:47 | INFO    |   [sensitivity_at_specificity] test | AUROC=0.4781 AUPRC=0.6059 F1=0.7623 sens=1.0000 spec=0.0000 bal_acc=0.5000 thr=0.000 [FALLBACK]
13:14:47 | INFO    |   [sensitivity_at_specificity] val  | AUROC=0.4704 AUPRC=0.6025 F1=0.7623 sens=1.0000 spec=0.0000
13:14:47 | INFO    |   [specificity_at_sensitivity] test | AUROC=0.4781 AUPRC=0.6059 F1=0.7623 sens=1.0000 spec=0.0000 bal_acc=0.5000 thr=0.000
13:14:47 | INFO    |   [specificity_at_sensitivity] val  | AUROC=0.4704 AUPRC=0.6025 F1=0.7623 sens=1.0000 spec=0.0000
13:14:47 | INFO    |   progress | done=43/72 | elapsed=00:27 | avg/exp=0.6s | eta=00:18
13:14:47 | INFO    | [44/72] horizon=18h | channels=values_masks | static=static | model=LogReg_L2_balanced | elapsed=00:27 | eta=00:18
13:14:47 | INFO    |   features: mode=static train=(2205, 269) val=(276, 269) test=(276, 269) | dynamic_dim=260 static_dim=9 total_dim=269 | feat_time=0.01s
13:14:47 | INFO    |   timings  | feat=0.01s fit=0.05s predict=0.00s total=0.06s
13:14:47 | INFO    |   [max_f1] test | AUROC=0.7185 AUPRC=0.8042 F1=0.7715 sens=0.9235 spec=0.2453 bal_acc=0.5844 thr=0.227
13:14:47 | INFO    |   [max_f1] val  | AUROC=0.7326 AUPRC=0.8002 F1=0.7990 sens=0.9353 spec=0.3491
13:14:47 | INFO    |   [max_balanced_accuracy] test | AUROC=0.7185 AUPRC=0.8042 F1=0.6276 sens=0.5353 spec=0.7264 bal_acc=0.6309 thr=0.600
13:14:47 | INFO    |   [max_balanced_accuracy] val  | AUROC=0.7326 AUPRC=0.8002 F1=0.6547 sens=0.5353 spec=0.8396
13:14:47 | INFO    |   [sensitivity_at_specificity] test | AUROC=0.7185 AUPRC=0.8042 F1=0.6981 sens=0.6529 spec=0.6509 bal_acc=0.6519 thr=0.515
13:14:47 | INFO    |   [sensitivity_at_specificity] val  | AUROC=0.7326 AUPRC=0.8002 F1=0.6711 sens=0.5941 spec=0.7170
13:14:47 | INFO    |   [specificity_at_sensitivity] test | AUROC=0.7185 AUPRC=0.8042 F1=0.7662 sens=0.9059 spec=0.2642 bal_acc=0.5850 thr=0.257
13:14:47 | INFO    |   [specificity_at_sensitivity] val  | AUROC=0.7326 AUPRC=0.8002 F1=0.7939 sens=0.9176 spec=0.3679
13:14:47 | INFO    |   progress | done=44/72 | elapsed=00:28 | avg/exp=0.6s | eta=00:17
13:14:47 | INFO    | [45/72] horizon=18h | channels=values_masks | static=static | model=RandomForest_balanced | elapsed=00:28 | eta=00:17
13:14:47 | INFO    |   features: mode=static train=(2205, 269) val=(276, 269) test=(276, 269) | dynamic_dim=260 static_dim=9 total_dim=269 | feat_time=0.01s
13:14:49 | INFO    |   timings  | feat=0.01s fit=1.30s predict=0.15s total=1.47s
13:14:49 | INFO    |   [max_f1] test | AUROC=0.7479 AUPRC=0.8448 F1=0.7761 sens=0.9176 spec=0.2830 bal_acc=0.6003 thr=0.415
13:14:49 | INFO    |   [max_f1] val  | AUROC=0.7788 AUPRC=0.8512 F1=0.8049 sens=0.9706 spec=0.2925
13:14:49 | INFO    |   [max_balanced_accuracy] test | AUROC=0.7479 AUPRC=0.8448 F1=0.7036 sens=0.6353 spec=0.7264 bal_acc=0.6809 thr=0.635
13:14:49 | INFO    |   [max_balanced_accuracy] val  | AUROC=0.7788 AUPRC=0.8512 F1=0.7314 sens=0.6647 spec=0.7547
13:14:49 | INFO    |   [sensitivity_at_specificity] test | AUROC=0.7479 AUPRC=0.8448 F1=0.7335 sens=0.6882 spec=0.6981 bal_acc=0.6932 thr=0.623
13:14:49 | INFO    |   [sensitivity_at_specificity] val  | AUROC=0.7788 AUPRC=0.8512 F1=0.7325 sens=0.6765 spec=0.7264
13:14:49 | INFO    |   [specificity_at_sensitivity] test | AUROC=0.7479 AUPRC=0.8448 F1=0.7507 sens=0.8412 spec=0.3585 bal_acc=0.5998 thr=0.477
13:14:49 | INFO    |   [specificity_at_sensitivity] val  | AUROC=0.7788 AUPRC=0.8512 F1=0.7877 sens=0.9059 spec=0.3679
13:14:49 | INFO    |   progress | done=45/72 | elapsed=00:29 | avg/exp=0.7s | eta=00:17
13:14:49 | INFO    | [46/72] horizon=18h | channels=values_masks | static=static | model=ExtraTrees_balanced | elapsed=00:29 | eta=00:17
13:14:49 | INFO    |   features: mode=static train=(2205, 269) val=(276, 269) test=(276, 269) | dynamic_dim=260 static_dim=9 total_dim=269 | feat_time=0.01s
13:14:50 | INFO    |   timings  | feat=0.01s fit=0.82s predict=0.12s total=0.95s
13:14:50 | INFO    |   [max_f1] test | AUROC=0.7549 AUPRC=0.8497 F1=0.7734 sens=0.9235 spec=0.2547 bal_acc=0.5891 thr=0.398
13:14:50 | INFO    |   [max_f1] val  | AUROC=0.7697 AUPRC=0.8566 F1=0.8020 sens=0.9647 spec=0.2925
13:14:50 | INFO    |   [max_balanced_accuracy] test | AUROC=0.7549 AUPRC=0.8497 F1=0.6367 sens=0.5000 spec=0.8868 bal_acc=0.6934 thr=0.708
13:14:50 | INFO    |   [max_balanced_accuracy] val  | AUROC=0.7697 AUPRC=0.8566 F1=0.6255 sens=0.4765 spec=0.9245
13:14:50 | INFO    |   [sensitivity_at_specificity] test | AUROC=0.7549 AUPRC=0.8497 F1=0.7220 sens=0.6647 spec=0.7170 bal_acc=0.6908 thr=0.640
13:14:50 | INFO    |   [sensitivity_at_specificity] val  | AUROC=0.7697 AUPRC=0.8566 F1=0.7074 sens=0.6471 spec=0.7075
13:14:50 | INFO    |   [specificity_at_sensitivity] test | AUROC=0.7549 AUPRC=0.8497 F1=0.7688 sens=0.9000 spec=0.2925 bal_acc=0.5962 thr=0.440
13:14:50 | INFO    |   [specificity_at_sensitivity] val  | AUROC=0.7697 AUPRC=0.8566 F1=0.7929 sens=0.9235 spec=0.3491
13:14:50 | INFO    |   progress | done=46/72 | elapsed=00:30 | avg/exp=0.7s | eta=00:17
13:14:50 | INFO    | [47/72] horizon=18h | channels=values_masks | static=static | model=HistGradBoost | elapsed=00:30 | eta=00:17
13:14:50 | INFO    |   features: mode=static train=(2205, 269) val=(276, 269) test=(276, 269) | dynamic_dim=260 static_dim=9 total_dim=269 | feat_time=0.01s
13:14:50 | INFO    |   timings  | feat=0.01s fit=0.33s predict=0.00s total=0.35s
13:14:50 | INFO    |   [max_f1] test | AUROC=0.7769 AUPRC=0.8579 F1=0.8010 sens=0.9118 spec=0.4151 bal_acc=0.6634 thr=0.333
13:14:50 | INFO    |   [max_f1] val  | AUROC=0.7681 AUPRC=0.8424 F1=0.7939 sens=0.9176 spec=0.3679
13:14:50 | INFO    |   [max_balanced_accuracy] test | AUROC=0.7769 AUPRC=0.8579 F1=0.7121 sens=0.6765 spec=0.6415 bal_acc=0.6590 thr=0.534
13:14:50 | INFO    |   [max_balanced_accuracy] val  | AUROC=0.7681 AUPRC=0.8424 F1=0.7601 sens=0.7176 spec=0.7264
13:14:50 | INFO    |   [sensitivity_at_specificity] test | AUROC=0.7769 AUPRC=0.8579 F1=0.7178 sens=0.6882 spec=0.6321 bal_acc=0.6602 thr=0.524
13:14:50 | INFO    |   [sensitivity_at_specificity] val  | AUROC=0.7681 AUPRC=0.8424 F1=0.7631 sens=0.7294 spec=0.7075
13:14:50 | INFO    |   [specificity_at_sensitivity] test | AUROC=0.7769 AUPRC=0.8579 F1=0.8000 sens=0.9059 spec=0.4245 bal_acc=0.6652 thr=0.354
13:14:50 | INFO    |   [specificity_at_sensitivity] val  | AUROC=0.7681 AUPRC=0.8424 F1=0.7938 sens=0.9059 spec=0.3962
13:14:50 | INFO    |   progress | done=47/72 | elapsed=00:31 | avg/exp=0.7s | eta=00:16
13:14:50 | INFO    | [48/72] horizon=18h | channels=values_masks | static=static | model=MLP_tabular | elapsed=00:31 | eta=00:16
13:14:50 | INFO    |   features: mode=static train=(2205, 269) val=(276, 269) test=(276, 269) | dynamic_dim=260 static_dim=9 total_dim=269 | feat_time=0.01s
13:14:51 | INFO    |   timings  | feat=0.01s fit=0.56s predict=0.00s total=0.58s
13:14:51 | INFO    |   [max_f1] test | AUROC=0.7317 AUPRC=0.8075 F1=0.7845 sens=0.9529 spec=0.2358 bal_acc=0.5944 thr=0.169
13:14:51 | INFO    |   [max_f1] val  | AUROC=0.7169 AUPRC=0.7993 F1=0.7826 sens=0.9529 spec=0.2264
13:14:51 | INFO    |   [max_balanced_accuracy] test | AUROC=0.7317 AUPRC=0.8075 F1=0.6757 sens=0.5882 spec=0.7547 bal_acc=0.6715 thr=0.680
13:14:51 | INFO    |   [max_balanced_accuracy] val  | AUROC=0.7169 AUPRC=0.7993 F1=0.6712 sens=0.5765 spec=0.7736
13:14:51 | INFO    |   [sensitivity_at_specificity] test | AUROC=0.7317 AUPRC=0.8075 F1=0.6818 sens=0.6176 spec=0.6887 bal_acc=0.6532 thr=0.651
13:14:51 | INFO    |   [sensitivity_at_specificity] val  | AUROC=0.7169 AUPRC=0.7993 F1=0.6820 sens=0.6118 spec=0.7075
13:14:51 | INFO    |   [specificity_at_sensitivity] test | AUROC=0.7317 AUPRC=0.8075 F1=0.7723 sens=0.9176 spec=0.2642 bal_acc=0.5909 thr=0.235
13:14:51 | INFO    |   [specificity_at_sensitivity] val  | AUROC=0.7169 AUPRC=0.7993 F1=0.7750 sens=0.9118 spec=0.2925
13:14:51 | INFO    |   progress | done=48/72 | elapsed=00:31 | avg/exp=0.7s | eta=00:15
13:14:51 | INFO    | [49/72] horizon=18h | channels=full | static=static | model=Dummy_StratifiedFloor | elapsed=00:31 | eta=00:15
13:14:51 | INFO    |   features: mode=static train=(2205, 477) val=(276, 477) test=(276, 477) | dynamic_dim=468 static_dim=9 total_dim=477 | feat_time=0.01s
13:14:51 | WARNING | select_threshold: no threshold satisfies specificity>=0.70 (mode=sensitivity_at_specificity); falling back to max_balanced_accuracy
13:14:51 | INFO    |   timings  | feat=0.01s fit=0.00s predict=0.00s total=0.02s
13:14:51 | INFO    |   [max_f1] test | AUROC=0.4781 AUPRC=0.6059 F1=0.7623 sens=1.0000 spec=0.0000 bal_acc=0.5000 thr=0.000
13:14:51 | INFO    |   [max_f1] val  | AUROC=0.4704 AUPRC=0.6025 F1=0.7623 sens=1.0000 spec=0.0000
13:14:51 | INFO    |   [max_balanced_accuracy] test | AUROC=0.4781 AUPRC=0.6059 F1=0.7623 sens=1.0000 spec=0.0000 bal_acc=0.5000 thr=0.000
13:14:51 | INFO    |   [max_balanced_accuracy] val  | AUROC=0.4704 AUPRC=0.6025 F1=0.7623 sens=1.0000 spec=0.0000
13:14:51 | INFO    |   [sensitivity_at_specificity] test | AUROC=0.4781 AUPRC=0.6059 F1=0.7623 sens=1.0000 spec=0.0000 bal_acc=0.5000 thr=0.000 [FALLBACK]
13:14:51 | INFO    |   [sensitivity_at_specificity] val  | AUROC=0.4704 AUPRC=0.6025 F1=0.7623 sens=1.0000 spec=0.0000
13:14:51 | INFO    |   [specificity_at_sensitivity] test | AUROC=0.4781 AUPRC=0.6059 F1=0.7623 sens=1.0000 spec=0.0000 bal_acc=0.5000 thr=0.000
13:14:51 | INFO    |   [specificity_at_sensitivity] val  | AUROC=0.4704 AUPRC=0.6025 F1=0.7623 sens=1.0000 spec=0.0000
13:14:51 | INFO    |   progress | done=49/72 | elapsed=00:32 | avg/exp=0.7s | eta=00:15
13:14:51 | INFO    | [50/72] horizon=18h | channels=full | static=static | model=LogReg_L2_balanced | elapsed=00:32 | eta=00:15
13:14:51 | INFO    |   features: mode=static train=(2205, 477) val=(276, 477) test=(276, 477) | dynamic_dim=468 static_dim=9 total_dim=477 | feat_time=0.01s
13:14:51 | INFO    |   timings  | feat=0.01s fit=0.07s predict=0.00s total=0.09s
13:14:51 | INFO    |   [max_f1] test | AUROC=0.7295 AUPRC=0.7988 F1=0.7726 sens=0.9294 spec=0.2358 bal_acc=0.5826 thr=0.158
13:14:51 | INFO    |   [max_f1] val  | AUROC=0.7248 AUPRC=0.7826 F1=0.8030 sens=0.9588 spec=0.3113
13:14:51 | INFO    |   [max_balanced_accuracy] test | AUROC=0.7295 AUPRC=0.7988 F1=0.7717 sens=0.8353 spec=0.4717 bal_acc=0.6535 thr=0.342
13:14:51 | INFO    |   [max_balanced_accuracy] val  | AUROC=0.7248 AUPRC=0.7826 F1=0.7753 sens=0.8118 spec=0.5472
13:14:51 | INFO    |   [sensitivity_at_specificity] test | AUROC=0.7295 AUPRC=0.7988 F1=0.7097 sens=0.6471 spec=0.7170 bal_acc=0.6820 thr=0.575
13:14:51 | INFO    |   [sensitivity_at_specificity] val  | AUROC=0.7248 AUPRC=0.7826 F1=0.6419 sens=0.5588 spec=0.7075
13:14:51 | INFO    |   [specificity_at_sensitivity] test | AUROC=0.7295 AUPRC=0.7988 F1=0.7817 sens=0.9059 spec=0.3396 bal_acc=0.6228 thr=0.217
13:14:51 | INFO    |   [specificity_at_sensitivity] val  | AUROC=0.7248 AUPRC=0.7826 F1=0.7948 sens=0.9000 spec=0.4151
13:14:51 | INFO    |   progress | done=50/72 | elapsed=00:32 | avg/exp=0.6s | eta=00:14
13:14:51 | INFO    | [51/72] horizon=18h | channels=full | static=static | model=RandomForest_balanced | elapsed=00:32 | eta=00:14
13:14:51 | INFO    |   features: mode=static train=(2205, 477) val=(276, 477) test=(276, 477) | dynamic_dim=468 static_dim=9 total_dim=477 | feat_time=0.01s
13:14:53 | INFO    |   timings  | feat=0.01s fit=1.32s predict=0.15s total=1.49s
13:14:53 | INFO    |   [max_f1] test | AUROC=0.7580 AUPRC=0.8493 F1=0.7756 sens=0.9353 spec=0.2358 bal_acc=0.5856 thr=0.380
13:14:53 | INFO    |   [max_f1] val  | AUROC=0.7777 AUPRC=0.8328 F1=0.8137 sens=0.9765 spec=0.3208
13:14:53 | INFO    |   [max_balanced_accuracy] test | AUROC=0.7580 AUPRC=0.8493 F1=0.7134 sens=0.6588 spec=0.6981 bal_acc=0.6785 thr=0.642
13:14:53 | INFO    |   [max_balanced_accuracy] val  | AUROC=0.7777 AUPRC=0.8328 F1=0.7452 sens=0.6882 spec=0.7453
13:14:53 | INFO    |   [sensitivity_at_specificity] test | AUROC=0.7580 AUPRC=0.8493 F1=0.7210 sens=0.6765 spec=0.6792 bal_acc=0.6779 thr=0.610
13:14:53 | INFO    |   [sensitivity_at_specificity] val  | AUROC=0.7777 AUPRC=0.8328 F1=0.7516 sens=0.7118 spec=0.7075
13:14:53 | INFO    |   [specificity_at_sensitivity] test | AUROC=0.7580 AUPRC=0.8493 F1=0.7487 sens=0.8235 spec=0.3962 bal_acc=0.6099 thr=0.465
13:14:53 | INFO    |   [specificity_at_sensitivity] val  | AUROC=0.7777 AUPRC=0.8328 F1=0.8052 sens=0.9118 spec=0.4340
13:14:53 | INFO    |   progress | done=51/72 | elapsed=00:33 | avg/exp=0.7s | eta=00:13
13:14:53 | INFO    | [52/72] horizon=18h | channels=full | static=static | model=ExtraTrees_balanced | elapsed=00:33 | eta=00:13
13:14:53 | INFO    |   features: mode=static train=(2205, 477) val=(276, 477) test=(276, 477) | dynamic_dim=468 static_dim=9 total_dim=477 | feat_time=0.01s
13:14:54 | INFO    |   timings  | feat=0.01s fit=0.79s predict=0.11s total=0.91s
13:14:54 | INFO    |   [max_f1] test | AUROC=0.7680 AUPRC=0.8520 F1=0.7725 sens=0.8588 spec=0.4151 bal_acc=0.6370 thr=0.443
13:14:54 | INFO    |   [max_f1] val  | AUROC=0.7800 AUPRC=0.8373 F1=0.8093 sens=0.9235 spec=0.4245
13:14:54 | INFO    |   [max_balanced_accuracy] test | AUROC=0.7680 AUPRC=0.8520 F1=0.6899 sens=0.5824 spec=0.8302 bal_acc=0.7063 thr=0.705
13:14:54 | INFO    |   [max_balanced_accuracy] val  | AUROC=0.7800 AUPRC=0.8373 F1=0.7075 sens=0.6118 spec=0.8113
13:14:54 | INFO    |   [sensitivity_at_specificity] test | AUROC=0.7680 AUPRC=0.8520 F1=0.7195 sens=0.6412 spec=0.7736 bal_acc=0.7074 thr=0.672
13:14:54 | INFO    |   [sensitivity_at_specificity] val  | AUROC=0.7800 AUPRC=0.8373 F1=0.7157 sens=0.6588 spec=0.7075
13:14:54 | INFO    |   [specificity_at_sensitivity] test | AUROC=0.7680 AUPRC=0.8520 F1=0.7760 sens=0.8353 spec=0.4906 bal_acc=0.6629 thr=0.470
13:14:54 | INFO    |   [specificity_at_sensitivity] val  | AUROC=0.7800 AUPRC=0.8373 F1=0.8074 sens=0.9000 spec=0.4717
13:14:54 | INFO    |   progress | done=52/72 | elapsed=00:34 | avg/exp=0.7s | eta=00:13
13:14:54 | INFO    | [53/72] horizon=18h | channels=full | static=static | model=HistGradBoost | elapsed=00:34 | eta=00:13
13:14:54 | INFO    |   features: mode=static train=(2205, 477) val=(276, 477) test=(276, 477) | dynamic_dim=468 static_dim=9 total_dim=477 | feat_time=0.01s
13:14:55 | INFO    |   timings  | feat=0.01s fit=0.56s predict=0.00s total=0.58s
13:14:55 | INFO    |   [max_f1] test | AUROC=0.7694 AUPRC=0.8603 F1=0.7788 sens=0.9529 spec=0.2075 bal_acc=0.5802 thr=0.210
13:14:55 | INFO    |   [max_f1] val  | AUROC=0.7885 AUPRC=0.8542 F1=0.8077 sens=0.9882 spec=0.2642
13:14:55 | INFO    |   [max_balanced_accuracy] test | AUROC=0.7694 AUPRC=0.8603 F1=0.7138 sens=0.6529 spec=0.7170 bal_acc=0.6850 thr=0.542
13:14:55 | INFO    |   [max_balanced_accuracy] val  | AUROC=0.7885 AUPRC=0.8542 F1=0.7837 sens=0.7353 spec=0.7736
13:14:55 | INFO    |   [sensitivity_at_specificity] test | AUROC=0.7694 AUPRC=0.8603 F1=0.7134 sens=0.6588 spec=0.6981 bal_acc=0.6785 thr=0.520
13:14:55 | INFO    |   [sensitivity_at_specificity] val  | AUROC=0.7885 AUPRC=0.8542 F1=0.7781 sens=0.7529 spec=0.7075
13:14:55 | INFO    |   [specificity_at_sensitivity] test | AUROC=0.7694 AUPRC=0.8603 F1=0.7876 sens=0.8941 spec=0.3962 bal_acc=0.6452 thr=0.324
13:14:55 | INFO    |   [specificity_at_sensitivity] val  | AUROC=0.7885 AUPRC=0.8542 F1=0.7907 sens=0.9000 spec=0.3962
13:14:55 | INFO    |   progress | done=53/72 | elapsed=00:35 | avg/exp=0.7s | eta=00:12
13:14:55 | INFO    | [54/72] horizon=18h | channels=full | static=static | model=MLP_tabular | elapsed=00:35 | eta=00:12
13:14:55 | INFO    |   features: mode=static train=(2205, 477) val=(276, 477) test=(276, 477) | dynamic_dim=468 static_dim=9 total_dim=477 | feat_time=0.01s
13:14:56 | INFO    |   timings  | feat=0.01s fit=0.71s predict=0.00s total=0.73s
13:14:56 | INFO    |   [max_f1] test | AUROC=0.7573 AUPRC=0.8280 F1=0.7877 sens=0.9059 spec=0.3679 bal_acc=0.6369 thr=0.424
13:14:56 | INFO    |   [max_f1] val  | AUROC=0.7503 AUPRC=0.8295 F1=0.7959 sens=0.9176 spec=0.3774
13:14:56 | INFO    |   [max_balanced_accuracy] test | AUROC=0.7573 AUPRC=0.8280 F1=0.7101 sens=0.6412 spec=0.7358 bal_acc=0.6885 thr=0.765
13:14:56 | INFO    |   [max_balanced_accuracy] val  | AUROC=0.7503 AUPRC=0.8295 F1=0.7148 sens=0.6412 spec=0.7547
13:14:56 | INFO    |   [sensitivity_at_specificity] test | AUROC=0.7573 AUPRC=0.8280 F1=0.7405 sens=0.6882 spec=0.7264 bal_acc=0.7073 thr=0.733
13:14:56 | INFO    |   [sensitivity_at_specificity] val  | AUROC=0.7503 AUPRC=0.8295 F1=0.7197 sens=0.6647 spec=0.7075
13:14:56 | INFO    |   [specificity_at_sensitivity] test | AUROC=0.7573 AUPRC=0.8280 F1=0.7948 sens=0.9000 spec=0.4151 bal_acc=0.6575 thr=0.449
13:14:56 | INFO    |   [specificity_at_sensitivity] val  | AUROC=0.7503 AUPRC=0.8295 F1=0.7918 sens=0.9059 spec=0.3868
13:14:56 | INFO    |   progress | done=54/72 | elapsed=00:36 | avg/exp=0.7s | eta=00:12
13:14:56 | INFO    | [55/72] horizon=24h | channels=values | static=static | model=Dummy_StratifiedFloor | elapsed=00:36 | eta=00:12
13:14:56 | INFO    |   features: mode=static train=(2205, 169) val=(276, 169) test=(276, 169) | dynamic_dim=160 static_dim=9 total_dim=169 | feat_time=0.01s
13:14:56 | WARNING | select_threshold: no threshold satisfies specificity>=0.70 (mode=sensitivity_at_specificity); falling back to max_balanced_accuracy
13:14:56 | INFO    |   timings  | feat=0.01s fit=0.00s predict=0.00s total=0.01s
13:14:56 | INFO    |   [max_f1] test | AUROC=0.4781 AUPRC=0.6059 F1=0.7623 sens=1.0000 spec=0.0000 bal_acc=0.5000 thr=0.000
13:14:56 | INFO    |   [max_f1] val  | AUROC=0.4704 AUPRC=0.6025 F1=0.7623 sens=1.0000 spec=0.0000
13:14:56 | INFO    |   [max_balanced_accuracy] test | AUROC=0.4781 AUPRC=0.6059 F1=0.7623 sens=1.0000 spec=0.0000 bal_acc=0.5000 thr=0.000
13:14:56 | INFO    |   [max_balanced_accuracy] val  | AUROC=0.4704 AUPRC=0.6025 F1=0.7623 sens=1.0000 spec=0.0000
13:14:56 | INFO    |   [sensitivity_at_specificity] test | AUROC=0.4781 AUPRC=0.6059 F1=0.7623 sens=1.0000 spec=0.0000 bal_acc=0.5000 thr=0.000 [FALLBACK]
13:14:56 | INFO    |   [sensitivity_at_specificity] val  | AUROC=0.4704 AUPRC=0.6025 F1=0.7623 sens=1.0000 spec=0.0000
13:14:56 | INFO    |   [specificity_at_sensitivity] test | AUROC=0.4781 AUPRC=0.6059 F1=0.7623 sens=1.0000 spec=0.0000 bal_acc=0.5000 thr=0.000
13:14:56 | INFO    |   [specificity_at_sensitivity] val  | AUROC=0.4704 AUPRC=0.6025 F1=0.7623 sens=1.0000 spec=0.0000
13:14:56 | INFO    |   progress | done=55/72 | elapsed=00:36 | avg/exp=0.7s | eta=00:11
13:14:56 | INFO    | [56/72] horizon=24h | channels=values | static=static | model=LogReg_L2_balanced | elapsed=00:36 | eta=00:11
13:14:56 | INFO    |   features: mode=static train=(2205, 169) val=(276, 169) test=(276, 169) | dynamic_dim=160 static_dim=9 total_dim=169 | feat_time=0.01s
13:14:56 | INFO    |   timings  | feat=0.01s fit=0.02s predict=0.00s total=0.04s
13:14:56 | INFO    |   [max_f1] test | AUROC=0.7164 AUPRC=0.8069 F1=0.7670 sens=0.9294 spec=0.2075 bal_acc=0.5685 thr=0.233
13:14:56 | INFO    |   [max_f1] val  | AUROC=0.7277 AUPRC=0.8060 F1=0.7781 sens=0.9176 spec=0.2925
13:14:56 | INFO    |   [max_balanced_accuracy] test | AUROC=0.7164 AUPRC=0.8069 F1=0.7473 sens=0.8000 spec=0.4528 bal_acc=0.6264 thr=0.383
13:14:56 | INFO    |   [max_balanced_accuracy] val  | AUROC=0.7277 AUPRC=0.8060 F1=0.7602 sens=0.7647 spec=0.6038
13:14:56 | INFO    |   [sensitivity_at_specificity] test | AUROC=0.7164 AUPRC=0.8069 F1=0.7217 sens=0.6941 spec=0.6321 bal_acc=0.6631 thr=0.514
13:14:56 | INFO    |   [sensitivity_at_specificity] val  | AUROC=0.7277 AUPRC=0.8060 F1=0.6906 sens=0.6235 spec=0.7075
13:14:56 | INFO    |   [specificity_at_sensitivity] test | AUROC=0.7164 AUPRC=0.8069 F1=0.7605 sens=0.9059 spec=0.2358 bal_acc=0.5709 thr=0.250
13:14:56 | INFO    |   [specificity_at_sensitivity] val  | AUROC=0.7277 AUPRC=0.8060 F1=0.7747 sens=0.9000 spec=0.3208
13:14:56 | INFO    |   progress | done=56/72 | elapsed=00:36 | avg/exp=0.7s | eta=00:10
13:14:56 | INFO    | [57/72] horizon=24h | channels=values | static=static | model=RandomForest_balanced | elapsed=00:36 | eta=00:10
13:14:56 | INFO    |   features: mode=static train=(2205, 169) val=(276, 169) test=(276, 169) | dynamic_dim=160 static_dim=9 total_dim=169 | feat_time=0.01s
13:14:58 | INFO    |   timings  | feat=0.01s fit=1.80s predict=0.11s total=1.92s
13:14:58 | INFO    |   [max_f1] test | AUROC=0.7391 AUPRC=0.8417 F1=0.7696 sens=0.9235 spec=0.2358 bal_acc=0.5797 thr=0.383
13:14:58 | INFO    |   [max_f1] val  | AUROC=0.7998 AUPRC=0.8773 F1=0.8010 sens=0.9706 spec=0.2736
13:14:58 | INFO    |   [max_balanced_accuracy] test | AUROC=0.7391 AUPRC=0.8417 F1=0.6643 sens=0.5588 spec=0.8019 bal_acc=0.6804 thr=0.682
13:14:58 | INFO    |   [max_balanced_accuracy] val  | AUROC=0.7998 AUPRC=0.8773 F1=0.7178 sens=0.6059 spec=0.8679
13:14:58 | INFO    |   [sensitivity_at_specificity] test | AUROC=0.7391 AUPRC=0.8417 F1=0.7081 sens=0.6706 spec=0.6415 bal_acc=0.6560 thr=0.625
13:14:58 | INFO    |   [sensitivity_at_specificity] val  | AUROC=0.7998 AUPRC=0.8773 F1=0.7477 sens=0.7059 spec=0.7075
13:14:58 | INFO    |   [specificity_at_sensitivity] test | AUROC=0.7391 AUPRC=0.8417 F1=0.7433 sens=0.8176 spec=0.3868 bal_acc=0.6022 thr=0.500
13:14:58 | INFO    |   [specificity_at_sensitivity] val  | AUROC=0.7998 AUPRC=0.8773 F1=0.7948 sens=0.9000 spec=0.4151
13:14:58 | INFO    |   progress | done=57/72 | elapsed=00:38 | avg/exp=0.7s | eta=00:10
13:14:58 | INFO    | [58/72] horizon=24h | channels=values | static=static | model=ExtraTrees_balanced | elapsed=00:38 | eta=00:10
13:14:58 | INFO    |   features: mode=static train=(2205, 169) val=(276, 169) test=(276, 169) | dynamic_dim=160 static_dim=9 total_dim=169 | feat_time=0.01s
13:14:59 | INFO    |   timings  | feat=0.01s fit=0.80s predict=0.15s total=0.96s
13:14:59 | INFO    |   [max_f1] test | AUROC=0.7473 AUPRC=0.8496 F1=0.7638 sens=0.8941 spec=0.2830 bal_acc=0.5886 thr=0.432
13:14:59 | INFO    |   [max_f1] val  | AUROC=0.8098 AUPRC=0.8854 F1=0.8010 sens=0.9588 spec=0.3019
13:14:59 | INFO    |   [max_balanced_accuracy] test | AUROC=0.7473 AUPRC=0.8496 F1=0.7055 sens=0.6412 spec=0.7170 bal_acc=0.6791 thr=0.652
13:14:59 | INFO    |   [max_balanced_accuracy] val  | AUROC=0.8098 AUPRC=0.8854 F1=0.7541 sens=0.6765 spec=0.8113
13:14:59 | INFO    |   [sensitivity_at_specificity] test | AUROC=0.7473 AUPRC=0.8496 F1=0.7160 sens=0.6824 spec=0.6415 bal_acc=0.6619 thr=0.618
13:14:59 | INFO    |   [sensitivity_at_specificity] val  | AUROC=0.8098 AUPRC=0.8854 F1=0.7516 sens=0.7118 spec=0.7075
13:14:59 | INFO    |   [specificity_at_sensitivity] test | AUROC=0.7473 AUPRC=0.8496 F1=0.7584 sens=0.8588 spec=0.3491 bal_acc=0.6039 thr=0.490
13:14:59 | INFO    |   [specificity_at_sensitivity] val  | AUROC=0.8098 AUPRC=0.8854 F1=0.7927 sens=0.9000 spec=0.4057
13:14:59 | INFO    |   progress | done=58/72 | elapsed=00:39 | avg/exp=0.7s | eta=00:09
13:14:59 | INFO    | [59/72] horizon=24h | channels=values | static=static | model=HistGradBoost | elapsed=00:39 | eta=00:09
13:14:59 | INFO    |   features: mode=static train=(2205, 169) val=(276, 169) test=(276, 169) | dynamic_dim=160 static_dim=9 total_dim=169 | feat_time=0.01s
13:14:59 | INFO    |   timings  | feat=0.01s fit=0.24s predict=0.00s total=0.25s
13:14:59 | INFO    |   [max_f1] test | AUROC=0.8061 AUPRC=0.8871 F1=0.7806 sens=0.8059 spec=0.5849 bal_acc=0.6954 thr=0.456
13:14:59 | INFO    |   [max_f1] val  | AUROC=0.7869 AUPRC=0.8617 F1=0.8091 sens=0.8353 spec=0.6321
13:14:59 | INFO    |   [max_balanced_accuracy] test | AUROC=0.8061 AUPRC=0.8871 F1=0.7806 sens=0.8059 spec=0.5849 bal_acc=0.6954 thr=0.456
13:14:59 | INFO    |   [max_balanced_accuracy] val  | AUROC=0.7869 AUPRC=0.8617 F1=0.8091 sens=0.8353 spec=0.6321
13:14:59 | INFO    |   [sensitivity_at_specificity] test | AUROC=0.8061 AUPRC=0.8871 F1=0.7546 sens=0.7235 spec=0.6887 bal_acc=0.7061 thr=0.522
13:14:59 | INFO    |   [sensitivity_at_specificity] val  | AUROC=0.7869 AUPRC=0.8617 F1=0.7516 sens=0.7118 spec=0.7075
13:14:59 | INFO    |   [specificity_at_sensitivity] test | AUROC=0.8061 AUPRC=0.8871 F1=0.7876 sens=0.8941 spec=0.3962 bal_acc=0.6452 thr=0.347
13:14:59 | INFO    |   [specificity_at_sensitivity] val  | AUROC=0.7869 AUPRC=0.8617 F1=0.7866 sens=0.9000 spec=0.3774
13:14:59 | INFO    |   progress | done=59/72 | elapsed=00:40 | avg/exp=0.7s | eta=00:08
13:14:59 | INFO    | [60/72] horizon=24h | channels=values | static=static | model=MLP_tabular | elapsed=00:40 | eta=00:08
13:14:59 | INFO    |   features: mode=static train=(2205, 169) val=(276, 169) test=(276, 169) | dynamic_dim=160 static_dim=9 total_dim=169 | feat_time=0.01s
13:15:00 | INFO    |   timings  | feat=0.01s fit=0.43s predict=0.00s total=0.45s
13:15:00 | INFO    |   [max_f1] test | AUROC=0.7077 AUPRC=0.8101 F1=0.7337 sens=0.7941 spec=0.4057 bal_acc=0.5999 thr=0.514
13:15:00 | INFO    |   [max_f1] val  | AUROC=0.7504 AUPRC=0.8129 F1=0.7956 sens=0.8588 spec=0.5189
13:15:00 | INFO    |   [max_balanced_accuracy] test | AUROC=0.7077 AUPRC=0.8101 F1=0.6941 sens=0.6941 spec=0.5094 bal_acc=0.6018 thr=0.627
13:15:00 | INFO    |   [max_balanced_accuracy] val  | AUROC=0.7504 AUPRC=0.8129 F1=0.7421 sens=0.6941 spec=0.7170
13:15:00 | INFO    |   [sensitivity_at_specificity] test | AUROC=0.7077 AUPRC=0.8101 F1=0.6941 sens=0.6941 spec=0.5094 bal_acc=0.6018 thr=0.627
13:15:00 | INFO    |   [sensitivity_at_specificity] val  | AUROC=0.7504 AUPRC=0.8129 F1=0.7421 sens=0.6941 spec=0.7170
13:15:00 | INFO    |   [specificity_at_sensitivity] test | AUROC=0.7077 AUPRC=0.8101 F1=0.7475 sens=0.8706 spec=0.2642 bal_acc=0.5674 thr=0.420
13:15:00 | INFO    |   [specificity_at_sensitivity] val  | AUROC=0.7504 AUPRC=0.8129 F1=0.7879 sens=0.9176 spec=0.3396
13:15:00 | INFO    |   progress | done=60/72 | elapsed=00:40 | avg/exp=0.7s | eta=00:08
13:15:00 | INFO    | [61/72] horizon=24h | channels=values_masks | static=static | model=Dummy_StratifiedFloor | elapsed=00:40 | eta=00:08
13:15:00 | INFO    |   features: mode=static train=(2205, 329) val=(276, 329) test=(276, 329) | dynamic_dim=320 static_dim=9 total_dim=329 | feat_time=0.02s
13:15:00 | WARNING | select_threshold: no threshold satisfies specificity>=0.70 (mode=sensitivity_at_specificity); falling back to max_balanced_accuracy
13:15:00 | INFO    |   timings  | feat=0.02s fit=0.00s predict=0.00s total=0.02s
13:15:00 | INFO    |   [max_f1] test | AUROC=0.4781 AUPRC=0.6059 F1=0.7623 sens=1.0000 spec=0.0000 bal_acc=0.5000 thr=0.000
13:15:00 | INFO    |   [max_f1] val  | AUROC=0.4704 AUPRC=0.6025 F1=0.7623 sens=1.0000 spec=0.0000
13:15:00 | INFO    |   [max_balanced_accuracy] test | AUROC=0.4781 AUPRC=0.6059 F1=0.7623 sens=1.0000 spec=0.0000 bal_acc=0.5000 thr=0.000
13:15:00 | INFO    |   [max_balanced_accuracy] val  | AUROC=0.4704 AUPRC=0.6025 F1=0.7623 sens=1.0000 spec=0.0000
13:15:00 | INFO    |   [sensitivity_at_specificity] test | AUROC=0.4781 AUPRC=0.6059 F1=0.7623 sens=1.0000 spec=0.0000 bal_acc=0.5000 thr=0.000 [FALLBACK]
13:15:00 | INFO    |   [sensitivity_at_specificity] val  | AUROC=0.4704 AUPRC=0.6025 F1=0.7623 sens=1.0000 spec=0.0000
13:15:00 | INFO    |   [specificity_at_sensitivity] test | AUROC=0.4781 AUPRC=0.6059 F1=0.7623 sens=1.0000 spec=0.0000 bal_acc=0.5000 thr=0.000
13:15:00 | INFO    |   [specificity_at_sensitivity] val  | AUROC=0.4704 AUPRC=0.6025 F1=0.7623 sens=1.0000 spec=0.0000
13:15:00 | INFO    |   progress | done=61/72 | elapsed=00:40 | avg/exp=0.7s | eta=00:07
13:15:00 | INFO    | [62/72] horizon=24h | channels=values_masks | static=static | model=LogReg_L2_balanced | elapsed=00:40 | eta=00:07
13:15:00 | INFO    |   features: mode=static train=(2205, 329) val=(276, 329) test=(276, 329) | dynamic_dim=320 static_dim=9 total_dim=329 | feat_time=0.01s
13:15:00 | INFO    |   timings  | feat=0.01s fit=0.05s predict=0.00s total=0.07s
13:15:00 | INFO    |   [max_f1] test | AUROC=0.6921 AUPRC=0.7753 F1=0.7748 sens=0.9412 spec=0.2170 bal_acc=0.5791 thr=0.169
13:15:00 | INFO    |   [max_f1] val  | AUROC=0.7323 AUPRC=0.8036 F1=0.7843 sens=0.9412 spec=0.2642
13:15:00 | INFO    |   [max_balanced_accuracy] test | AUROC=0.6921 AUPRC=0.7753 F1=0.6099 sens=0.5059 spec=0.7547 bal_acc=0.6303 thr=0.658
13:15:00 | INFO    |   [max_balanced_accuracy] val  | AUROC=0.7323 AUPRC=0.8036 F1=0.6236 sens=0.4824 spec=0.8962
13:15:00 | INFO    |   [sensitivity_at_specificity] test | AUROC=0.6921 AUPRC=0.7753 F1=0.6877 sens=0.6412 spec=0.6415 bal_acc=0.6413 thr=0.546
13:15:00 | INFO    |   [sensitivity_at_specificity] val  | AUROC=0.7323 AUPRC=0.8036 F1=0.7074 sens=0.6471 spec=0.7075
13:15:00 | INFO    |   [specificity_at_sensitivity] test | AUROC=0.6921 AUPRC=0.7753 F1=0.7723 sens=0.9176 spec=0.2642 bal_acc=0.5909 thr=0.229
13:15:00 | INFO    |   [specificity_at_sensitivity] val  | AUROC=0.7323 AUPRC=0.8036 F1=0.7806 sens=0.9000 spec=0.3491
13:15:00 | INFO    |   progress | done=62/72 | elapsed=00:41 | avg/exp=0.7s | eta=00:06
13:15:00 | INFO    | [63/72] horizon=24h | channels=values_masks | static=static | model=RandomForest_balanced | elapsed=00:41 | eta=00:06
13:15:00 | INFO    |   features: mode=static train=(2205, 329) val=(276, 329) test=(276, 329) | dynamic_dim=320 static_dim=9 total_dim=329 | feat_time=0.01s
13:15:02 | INFO    |   timings  | feat=0.01s fit=1.37s predict=0.13s total=1.52s
13:15:02 | INFO    |   [max_f1] test | AUROC=0.7491 AUPRC=0.8491 F1=0.7734 sens=0.9235 spec=0.2547 bal_acc=0.5891 thr=0.398
13:15:02 | INFO    |   [max_f1] val  | AUROC=0.7905 AUPRC=0.8673 F1=0.8030 sens=0.9588 spec=0.3113
13:15:02 | INFO    |   [max_balanced_accuracy] test | AUROC=0.7491 AUPRC=0.8491 F1=0.6977 sens=0.6176 spec=0.7547 bal_acc=0.6862 thr=0.662
13:15:02 | INFO    |   [max_balanced_accuracy] val  | AUROC=0.7905 AUPRC=0.8673 F1=0.7297 sens=0.6353 spec=0.8302
13:15:02 | INFO    |   [sensitivity_at_specificity] test | AUROC=0.7491 AUPRC=0.8491 F1=0.7034 sens=0.6765 spec=0.6038 bal_acc=0.6401 thr=0.615
13:15:02 | INFO    |   [sensitivity_at_specificity] val  | AUROC=0.7905 AUPRC=0.8673 F1=0.7664 sens=0.7235 spec=0.7358
13:15:02 | INFO    |   [specificity_at_sensitivity] test | AUROC=0.7491 AUPRC=0.8491 F1=0.7668 sens=0.8706 spec=0.3585 bal_acc=0.6145 thr=0.470
13:15:02 | INFO    |   [specificity_at_sensitivity] val  | AUROC=0.7905 AUPRC=0.8673 F1=0.7928 sens=0.9118 spec=0.3774
13:15:02 | INFO    |   progress | done=63/72 | elapsed=00:42 | avg/exp=0.7s | eta=00:06
13:15:02 | INFO    | [64/72] horizon=24h | channels=values_masks | static=static | model=ExtraTrees_balanced | elapsed=00:42 | eta=00:06
13:15:02 | INFO    |   features: mode=static train=(2205, 329) val=(276, 329) test=(276, 329) | dynamic_dim=320 static_dim=9 total_dim=329 | feat_time=0.02s
13:15:03 | INFO    |   timings  | feat=0.02s fit=0.76s predict=0.12s total=0.89s
13:15:03 | INFO    |   [max_f1] test | AUROC=0.7574 AUPRC=0.8527 F1=0.7906 sens=0.9882 spec=0.1792 bal_acc=0.5837 thr=0.307
13:15:03 | INFO    |   [max_f1] val  | AUROC=0.7791 AUPRC=0.8609 F1=0.8067 sens=0.9941 spec=0.2453
13:15:03 | INFO    |   [max_balanced_accuracy] test | AUROC=0.7574 AUPRC=0.8527 F1=0.6959 sens=0.6059 spec=0.7830 bal_acc=0.6945 thr=0.662
13:15:03 | INFO    |   [max_balanced_accuracy] val  | AUROC=0.7791 AUPRC=0.8609 F1=0.7200 sens=0.6353 spec=0.7925
13:15:03 | INFO    |   [sensitivity_at_specificity] test | AUROC=0.7574 AUPRC=0.8527 F1=0.7238 sens=0.6706 spec=0.7075 bal_acc=0.6891 thr=0.632
13:15:03 | INFO    |   [sensitivity_at_specificity] val  | AUROC=0.7791 AUPRC=0.8609 F1=0.7358 sens=0.6882 spec=0.7075
13:15:03 | INFO    |   [specificity_at_sensitivity] test | AUROC=0.7574 AUPRC=0.8527 F1=0.7744 sens=0.8882 spec=0.3491 bal_acc=0.6186 thr=0.463
13:15:03 | INFO    |   [specificity_at_sensitivity] val  | AUROC=0.7791 AUPRC=0.8609 F1=0.7846 sens=0.9000 spec=0.3679
13:15:03 | INFO    |   progress | done=64/72 | elapsed=00:43 | avg/exp=0.7s | eta=00:05
13:15:03 | INFO    | [65/72] horizon=24h | channels=values_masks | static=static | model=HistGradBoost | elapsed=00:43 | eta=00:05
13:15:03 | INFO    |   features: mode=static train=(2205, 329) val=(276, 329) test=(276, 329) | dynamic_dim=320 static_dim=9 total_dim=329 | feat_time=0.02s
13:15:04 | INFO    |   timings  | feat=0.02s fit=0.57s predict=0.00s total=0.59s
13:15:04 | INFO    |   [max_f1] test | AUROC=0.7855 AUPRC=0.8681 F1=0.7692 sens=0.7941 spec=0.5660 bal_acc=0.6801 thr=0.472
13:15:04 | INFO    |   [max_f1] val  | AUROC=0.7840 AUPRC=0.8606 F1=0.7931 sens=0.8118 spec=0.6226
13:15:04 | INFO    |   [max_balanced_accuracy] test | AUROC=0.7855 AUPRC=0.8681 F1=0.6828 sens=0.5824 spec=0.8019 bal_acc=0.6921 thr=0.616
13:15:04 | INFO    |   [max_balanced_accuracy] val  | AUROC=0.7840 AUPRC=0.8606 F1=0.7222 sens=0.6118 spec=0.8679
13:15:04 | INFO    |   [sensitivity_at_specificity] test | AUROC=0.7855 AUPRC=0.8681 F1=0.7273 sens=0.6824 spec=0.6887 bal_acc=0.6855 thr=0.549
13:15:04 | INFO    |   [sensitivity_at_specificity] val  | AUROC=0.7840 AUPRC=0.8606 F1=0.7477 sens=0.7059 spec=0.7075
13:15:04 | INFO    |   [specificity_at_sensitivity] test | AUROC=0.7855 AUPRC=0.8681 F1=0.8010 sens=0.9235 spec=0.3868 bal_acc=0.6552 thr=0.284
13:15:04 | INFO    |   [specificity_at_sensitivity] val  | AUROC=0.7840 AUPRC=0.8606 F1=0.7797 sens=0.9059 spec=0.3302
13:15:04 | INFO    |   progress | done=65/72 | elapsed=00:44 | avg/exp=0.7s | eta=00:04
13:15:04 | INFO    | [66/72] horizon=24h | channels=values_masks | static=static | model=MLP_tabular | elapsed=00:44 | eta=00:04
13:15:04 | INFO    |   features: mode=static train=(2205, 329) val=(276, 329) test=(276, 329) | dynamic_dim=320 static_dim=9 total_dim=329 | feat_time=0.02s
13:15:04 | INFO    |   timings  | feat=0.02s fit=0.64s predict=0.00s total=0.66s
13:15:04 | INFO    |   [max_f1] test | AUROC=0.6837 AUPRC=0.7808 F1=0.7651 sens=0.9294 spec=0.1981 bal_acc=0.5638 thr=0.142
13:15:04 | INFO    |   [max_f1] val  | AUROC=0.7183 AUPRC=0.7993 F1=0.7807 sens=0.9529 spec=0.2170
13:15:04 | INFO    |   [max_balanced_accuracy] test | AUROC=0.6837 AUPRC=0.7808 F1=0.6288 sens=0.5529 spec=0.6698 bal_acc=0.6114 thr=0.670
13:15:04 | INFO    |   [max_balanced_accuracy] val  | AUROC=0.7183 AUPRC=0.7993 F1=0.7016 sens=0.6294 spec=0.7358
13:15:04 | INFO    |   [sensitivity_at_specificity] test | AUROC=0.6837 AUPRC=0.7808 F1=0.6429 sens=0.5824 spec=0.6321 bal_acc=0.6072 thr=0.641
13:15:04 | INFO    |   [sensitivity_at_specificity] val  | AUROC=0.7183 AUPRC=0.7993 F1=0.7074 sens=0.6471 spec=0.7075
13:15:04 | INFO    |   [specificity_at_sensitivity] test | AUROC=0.6837 AUPRC=0.7808 F1=0.7688 sens=0.9000 spec=0.2925 bal_acc=0.5962 thr=0.218
13:15:04 | INFO    |   [specificity_at_sensitivity] val  | AUROC=0.7183 AUPRC=0.7993 F1=0.7650 sens=0.9000 spec=0.2736
13:15:04 | INFO    |   progress | done=66/72 | elapsed=00:45 | avg/exp=0.7s | eta=00:04
13:15:04 | INFO    | [67/72] horizon=24h | channels=full | static=static | model=Dummy_StratifiedFloor | elapsed=00:45 | eta=00:04
13:15:04 | INFO    |   features: mode=static train=(2205, 585) val=(276, 585) test=(276, 585) | dynamic_dim=576 static_dim=9 total_dim=585 | feat_time=0.02s
13:15:04 | WARNING | select_threshold: no threshold satisfies specificity>=0.70 (mode=sensitivity_at_specificity); falling back to max_balanced_accuracy
13:15:04 | INFO    |   timings  | feat=0.02s fit=0.00s predict=0.00s total=0.02s
13:15:04 | INFO    |   [max_f1] test | AUROC=0.4781 AUPRC=0.6059 F1=0.7623 sens=1.0000 spec=0.0000 bal_acc=0.5000 thr=0.000
13:15:04 | INFO    |   [max_f1] val  | AUROC=0.4704 AUPRC=0.6025 F1=0.7623 sens=1.0000 spec=0.0000
13:15:04 | INFO    |   [max_balanced_accuracy] test | AUROC=0.4781 AUPRC=0.6059 F1=0.7623 sens=1.0000 spec=0.0000 bal_acc=0.5000 thr=0.000
13:15:04 | INFO    |   [max_balanced_accuracy] val  | AUROC=0.4704 AUPRC=0.6025 F1=0.7623 sens=1.0000 spec=0.0000
13:15:04 | INFO    |   [sensitivity_at_specificity] test | AUROC=0.4781 AUPRC=0.6059 F1=0.7623 sens=1.0000 spec=0.0000 bal_acc=0.5000 thr=0.000 [FALLBACK]
13:15:04 | INFO    |   [sensitivity_at_specificity] val  | AUROC=0.4704 AUPRC=0.6025 F1=0.7623 sens=1.0000 spec=0.0000
13:15:04 | INFO    |   [specificity_at_sensitivity] test | AUROC=0.4781 AUPRC=0.6059 F1=0.7623 sens=1.0000 spec=0.0000 bal_acc=0.5000 thr=0.000
13:15:04 | INFO    |   [specificity_at_sensitivity] val  | AUROC=0.4704 AUPRC=0.6025 F1=0.7623 sens=1.0000 spec=0.0000
13:15:04 | INFO    |   progress | done=67/72 | elapsed=00:45 | avg/exp=0.7s | eta=00:03
13:15:04 | INFO    | [68/72] horizon=24h | channels=full | static=static | model=LogReg_L2_balanced | elapsed=00:45 | eta=00:03
13:15:04 | INFO    |   features: mode=static train=(2205, 585) val=(276, 585) test=(276, 585) | dynamic_dim=576 static_dim=9 total_dim=585 | feat_time=0.02s
13:15:05 | INFO    |   timings  | feat=0.02s fit=0.08s predict=0.00s total=0.10s
13:15:05 | INFO    |   [max_f1] test | AUROC=0.7158 AUPRC=0.7694 F1=0.7714 sens=0.9529 spec=0.1698 bal_acc=0.5614 thr=0.057
13:15:05 | INFO    |   [max_f1] val  | AUROC=0.7119 AUPRC=0.7726 F1=0.7887 sens=0.9882 spec=0.1698
13:15:05 | INFO    |   [max_balanced_accuracy] test | AUROC=0.7158 AUPRC=0.7694 F1=0.7713 sens=0.8235 spec=0.5000 bal_acc=0.6618 thr=0.389
13:15:05 | INFO    |   [max_balanced_accuracy] val  | AUROC=0.7119 AUPRC=0.7726 F1=0.7552 sens=0.7529 spec=0.6132
13:15:05 | INFO    |   [sensitivity_at_specificity] test | AUROC=0.7158 AUPRC=0.7694 F1=0.7378 sens=0.7118 spec=0.6509 bal_acc=0.6814 thr=0.559
13:15:05 | INFO    |   [sensitivity_at_specificity] val  | AUROC=0.7119 AUPRC=0.7726 F1=0.6863 sens=0.6176 spec=0.7075
13:15:05 | INFO    |   [specificity_at_sensitivity] test | AUROC=0.7158 AUPRC=0.7694 F1=0.7800 sens=0.9176 spec=0.3019 bal_acc=0.6098 thr=0.163
13:15:05 | INFO    |   [specificity_at_sensitivity] val  | AUROC=0.7119 AUPRC=0.7726 F1=0.7747 sens=0.9000 spec=0.3208
13:15:05 | INFO    |   progress | done=68/72 | elapsed=00:45 | avg/exp=0.7s | eta=00:02
13:15:05 | INFO    | [69/72] horizon=24h | channels=full | static=static | model=RandomForest_balanced | elapsed=00:45 | eta=00:02
13:15:05 | INFO    |   features: mode=static train=(2205, 585) val=(276, 585) test=(276, 585) | dynamic_dim=576 static_dim=9 total_dim=585 | feat_time=0.02s
13:15:06 | INFO    |   timings  | feat=0.02s fit=1.35s predict=0.14s total=1.51s
13:15:06 | INFO    |   [max_f1] test | AUROC=0.7649 AUPRC=0.8582 F1=0.7681 sens=0.9059 spec=0.2736 bal_acc=0.5897 thr=0.393
13:15:06 | INFO    |   [max_f1] val  | AUROC=0.7858 AUPRC=0.8528 F1=0.8040 sens=0.9529 spec=0.3302
13:15:06 | INFO    |   [max_balanced_accuracy] test | AUROC=0.7649 AUPRC=0.8582 F1=0.7055 sens=0.6412 spec=0.7170 bal_acc=0.6791 thr=0.652
13:15:06 | INFO    |   [max_balanced_accuracy] val  | AUROC=0.7858 AUPRC=0.8528 F1=0.7452 sens=0.6882 spec=0.7453
13:15:06 | INFO    |   [sensitivity_at_specificity] test | AUROC=0.7649 AUPRC=0.8582 F1=0.7051 sens=0.6471 spec=0.6981 bal_acc=0.6726 thr=0.640
13:15:06 | INFO    |   [sensitivity_at_specificity] val  | AUROC=0.7858 AUPRC=0.8528 F1=0.7516 sens=0.7118 spec=0.7075
13:15:06 | INFO    |   [specificity_at_sensitivity] test | AUROC=0.7649 AUPRC=0.8582 F1=0.7617 sens=0.8647 spec=0.3491 bal_acc=0.6069 thr=0.438
13:15:06 | INFO    |   [specificity_at_sensitivity] val  | AUROC=0.7858 AUPRC=0.8528 F1=0.8031 sens=0.9235 spec=0.3962
13:15:06 | INFO    |   progress | done=69/72 | elapsed=00:47 | avg/exp=0.7s | eta=00:02
13:15:06 | INFO    | [70/72] horizon=24h | channels=full | static=static | model=ExtraTrees_balanced | elapsed=00:47 | eta=00:02
13:15:06 | INFO    |   features: mode=static train=(2205, 585) val=(276, 585) test=(276, 585) | dynamic_dim=576 static_dim=9 total_dim=585 | feat_time=0.02s
13:15:07 | INFO    |   timings  | feat=0.02s fit=0.83s predict=0.14s total=0.98s
13:15:07 | INFO    |   [max_f1] test | AUROC=0.7677 AUPRC=0.8548 F1=0.7952 sens=0.9824 spec=0.2170 bal_acc=0.5997 thr=0.305
13:15:07 | INFO    |   [max_f1] val  | AUROC=0.7844 AUPRC=0.8426 F1=0.8068 sens=0.9824 spec=0.2736
13:15:07 | INFO    |   [max_balanced_accuracy] test | AUROC=0.7677 AUPRC=0.8548 F1=0.7010 sens=0.6000 spec=0.8208 bal_acc=0.7104 thr=0.705
13:15:07 | INFO    |   [max_balanced_accuracy] val  | AUROC=0.7844 AUPRC=0.8426 F1=0.7186 sens=0.6235 spec=0.8208
13:15:07 | INFO    |   [sensitivity_at_specificity] test | AUROC=0.7677 AUPRC=0.8548 F1=0.6993 sens=0.6294 spec=0.7264 bal_acc=0.6779 thr=0.660
13:15:07 | INFO    |   [sensitivity_at_specificity] val  | AUROC=0.7844 AUPRC=0.8426 F1=0.7358 sens=0.6882 spec=0.7075
13:15:07 | INFO    |   [specificity_at_sensitivity] test | AUROC=0.7677 AUPRC=0.8548 F1=0.7642 sens=0.8294 spec=0.4528 bal_acc=0.6411 thr=0.468
13:15:07 | INFO    |   [specificity_at_sensitivity] val  | AUROC=0.7844 AUPRC=0.8426 F1=0.7969 sens=0.9000 spec=0.4245
13:15:07 | INFO    |   progress | done=70/72 | elapsed=00:48 | avg/exp=0.7s | eta=00:01
13:15:07 | INFO    | [71/72] horizon=24h | channels=full | static=static | model=HistGradBoost | elapsed=00:48 | eta=00:01
13:15:07 | INFO    |   features: mode=static train=(2205, 585) val=(276, 585) test=(276, 585) | dynamic_dim=576 static_dim=9 total_dim=585 | feat_time=0.02s
13:15:08 | INFO    |   timings  | feat=0.02s fit=0.78s predict=0.00s total=0.81s
13:15:08 | INFO    |   [max_f1] test | AUROC=0.7917 AUPRC=0.8708 F1=0.7614 sens=0.7882 spec=0.5472 bal_acc=0.6677 thr=0.446
13:15:08 | INFO    |   [max_f1] val  | AUROC=0.8101 AUPRC=0.8786 F1=0.8125 sens=0.8412 spec=0.6321
13:15:08 | INFO    |   [max_balanced_accuracy] test | AUROC=0.7917 AUPRC=0.8708 F1=0.7407 sens=0.7059 spec=0.6792 bal_acc=0.6926 thr=0.511
13:15:08 | INFO    |   [max_balanced_accuracy] val  | AUROC=0.8101 AUPRC=0.8786 F1=0.8118 sens=0.8118 spec=0.6981
13:15:08 | INFO    |   [sensitivity_at_specificity] test | AUROC=0.7917 AUPRC=0.8708 F1=0.7391 sens=0.7000 spec=0.6887 bal_acc=0.6943 thr=0.520
13:15:08 | INFO    |   [sensitivity_at_specificity] val  | AUROC=0.8101 AUPRC=0.8786 F1=0.8071 sens=0.8000 spec=0.7075
13:15:08 | INFO    |   [specificity_at_sensitivity] test | AUROC=0.7917 AUPRC=0.8708 F1=0.7851 sens=0.8706 spec=0.4434 bal_acc=0.6570 thr=0.349
13:15:08 | INFO    |   [specificity_at_sensitivity] val  | AUROC=0.8101 AUPRC=0.8786 F1=0.8000 sens=0.9059 spec=0.4245
13:15:08 | INFO    |   progress | done=71/72 | elapsed=00:49 | avg/exp=0.7s | eta=00:00
13:15:08 | INFO    | [72/72] horizon=24h | channels=full | static=static | model=MLP_tabular | elapsed=00:49 | eta=00:00
13:15:08 | INFO    |   features: mode=static train=(2205, 585) val=(276, 585) test=(276, 585) | dynamic_dim=576 static_dim=9 total_dim=585 | feat_time=0.02s
13:15:09 | INFO    |   timings  | feat=0.02s fit=0.60s predict=0.00s total=0.62s
13:15:09 | INFO    |   [max_f1] test | AUROC=0.7305 AUPRC=0.8264 F1=0.7804 sens=0.9824 spec=0.1415 bal_acc=0.5619 thr=0.231
13:15:09 | INFO    |   [max_f1] val  | AUROC=0.7053 AUPRC=0.7866 F1=0.7944 sens=1.0000 spec=0.1698
13:15:09 | INFO    |   [max_balanced_accuracy] test | AUROC=0.7305 AUPRC=0.8264 F1=0.6797 sens=0.6118 spec=0.6981 bal_acc=0.6549 thr=0.658
13:15:09 | INFO    |   [max_balanced_accuracy] val  | AUROC=0.7053 AUPRC=0.7866 F1=0.6839 sens=0.6235 spec=0.6792
13:15:09 | INFO    |   [sensitivity_at_specificity] test | AUROC=0.7305 AUPRC=0.8264 F1=0.6777 sens=0.6000 spec=0.7264 bal_acc=0.6632 thr=0.678
13:15:09 | INFO    |   [sensitivity_at_specificity] val  | AUROC=0.7053 AUPRC=0.7866 F1=0.6510 sens=0.5706 spec=0.7075
13:15:09 | INFO    |   [specificity_at_sensitivity] test | AUROC=0.7305 AUPRC=0.8264 F1=0.7597 sens=0.8647 spec=0.3396 bal_acc=0.6022 thr=0.414
13:15:09 | INFO    |   [specificity_at_sensitivity] val  | AUROC=0.7053 AUPRC=0.7866 F1=0.7747 sens=0.9000 spec=0.3208
13:15:09 | INFO    |   progress | done=72/72 | elapsed=00:49 | avg/exp=0.7s | eta=00:00
13:15:09 | INFO    | ==============================================================================
13:15:09 | INFO    | Completed 288 experiments in 00:49
13:15:09 | INFO    | Saved results table with 288 rows
13:15:09 | INFO    | Generating plots in results/static_threshold_selection/baselines/plots ...
13:15:31 | INFO    | Plots saved (21.7s)
13:15:31 | INFO    | ==============================================================================
13:15:31 | INFO    | Top 5 by test AUPRC:
13:15:31 | INFO    |   h=24 | values       | static=static | thr=max_balanced_accuracy        | HistGradBoost          | AUROC=0.806 AUPRC=0.887 F1=0.781 sens=0.806 spec=0.585
13:15:31 | INFO    |   h=24 | values       | static=static | thr=max_f1                       | HistGradBoost          | AUROC=0.806 AUPRC=0.887 F1=0.781 sens=0.806 spec=0.585
13:15:31 | INFO    |   h=24 | values       | static=static | thr=sensitivity_at_specificity   | HistGradBoost          | AUROC=0.806 AUPRC=0.887 F1=0.755 sens=0.724 spec=0.689
13:15:31 | INFO    |   h=24 | values       | static=static | thr=specificity_at_sensitivity   | HistGradBoost          | AUROC=0.806 AUPRC=0.887 F1=0.788 sens=0.894 spec=0.396
13:15:31 | INFO    |   h=12 | full         | static=static | thr=max_balanced_accuracy        | HistGradBoost          | AUROC=0.807 AUPRC=0.878 F1=0.732 sens=0.659 spec=0.774
13:15:31 | INFO    | ==============================================================================
13:15:31 | INFO    | Done. Total wall-clock time: 01:11
